customer_id,customer_name,loan_balance,current_income,risk_score,high_risk
CUST_1,Kavya Pandey,768761,148148,0.531,0
CUST_2,Riya Naidu,280784,77341,0.398,0
CUST_3,Aditya Joshi,241324,39085,0.636,1
CUST_4,Sneha Chopra,494273,13750,1.0,1
CUST_5,Saanvi Singh,695409,43903,1.0,1
CUST_6,Diya Mehta,408834,211561,0.196,0
CUST_7,Nikhil Menon,243612,99036,0.273,0
CUST_8,Rohit Joshi,721413,95954,0.78,1
CUST_9,Aditya Reddy,929424,125305,0.779,1
CUST_10,Diya Mehta,316081,208753,0.158,0
CUST_11,Ishita Mehta,735084,40101,1.0,1
CUST_12,Kavya Chopra,153279,10775,1.0,1
CUST_13,Meera Menon,206846,119497,0.178,0
CUST_14,Aryan Nair,698332,53619,1.0,1
CUST_15,Saanvi Agarwal,414015,260388,0.167,0
CUST_16,Rohit Pandey,736448,241346,0.316,0
CUST_17,Saanvi Bose,432132,73149,0.607,1
CUST_18,Diya Kumar,80463,34616,0.245,0
CUST_19,Aarav Singh,103500,229767,0.049,0
CUST_20,Ishita Nair,217772,193639,0.117,0
CUST_21,Aditya Gupta,571446,176171,0.334,0
CUST_22,Diya Joshi,94607,214903,0.047,0
CUST_23,Arjun Iyer,916071,239318,0.414,0
CUST_24,Aditya Verma,779305,295623,0.278,0
CUST_25,Tanvi Patel,343840,63863,0.552,0
CUST_26,Aarav Joshi,857942,181115,0.49,0
CUST_27,Krishna Reddy,130076,261347,0.083,0
CUST_28,Arjun Nair,68692,197052,0.078,0
CUST_29,Sneha Singh,665129,286495,0.27,0
CUST_30,Aditya Joshi,727104,143203,0.544,0
CUST_31,Rohan Das,812242,255908,0.342,0
CUST_32,Ishita Chopra,932630,281493,0.366,0
CUST_33,Saanvi Singh,171081,200003,0.113,0
CUST_34,Vivaan Pandey,121718,282597,0.054,0
CUST_35,Diya Sharma,363076,157886,0.24,0
CUST_36,Vihaan Agarwal,534480,157335,0.355,0
CUST_37,Kavya Verma,257536,85694,0.346,0
CUST_38,Saanvi Pillai,46413,23735,0.223,0
CUST_39,Meera Pillai,153888,183745,0.12,0
CUST_40,Saanvi Singh,573370,228534,0.268,0
CUST_41,Tanvi Kumar,861480,53066,1.0,1
CUST_42,Rohit Menon,657418,239387,0.281,0
CUST_43,Saanvi Ghosh,585228,142445,0.419,0
CUST_44,Nikhil Pandey,697490,280836,0.29,0
CUST_45,Tanvi Chopra,574430,53541,1.0,1
CUST_46,Ananya Verma,532780,173129,0.325,0
CUST_47,Tanvi Das,46468,74983,0.102,0
CUST_48,Aditya Naidu,958202,158655,0.616,1
CUST_49,Rohan Agarwal,676015,161837,0.467,0
CUST_50,Nikhil Nair,188969,198359,0.113,0
CUST_51,Vivaan Chopra,433291,218747,0.215,0
CUST_52,Aarav Sharma,936863,185597,0.52,0
CUST_53,Krishna Singh,925480,177302,0.528,0
CUST_54,Ananya Chopra,505413,295710,0.176,0
CUST_55,Riya Pillai,246187,260084,0.127,0
CUST_56,Aarav Verma,52056,129015,0.084,0
CUST_57,Riya Chopra,61831,180257,0.074,0
CUST_58,Aarav Bose,855623,254536,0.343,0
CUST_59,Rohan Menon,783952,232021,0.365,0
CUST_60,Ishita Sharma,918380,138956,0.666,1
CUST_61,Tanvi Agarwal,436488,78744,0.557,0
CUST_62,Aanya Bose,642405,81616,0.82,1
CUST_63,Tanvi Bose,286815,95438,0.327,0
CUST_64,Aryan Das,299192,124841,0.244,0
CUST_65,Diya Joshi,822395,148558,0.555,0
CUST_66,Aryan Das,578242,177934,0.374,0
CUST_67,Meera Reddy,475525,260734,0.184,0
CUST_68,Nikhil Das,243192,66870,0.386,0
CUST_69,Krishna Menon,367574,94694,0.413,0
CUST_70,Meera Chopra,535005,245068,0.224,0
CUST_71,Tanvi Nair,283820,109407,0.268,0
CUST_72,Nikhil Gupta,407650,39379,1.0,1
CUST_73,Aditya Kumar,190882,244500,0.116,0
CUST_74,Vivaan Chopra,128696,62353,0.232,0
CUST_75,Arjun Naidu,927262,189068,0.522,0
CUST_76,Sneha Naidu,14994,284175,0.055,0
CUST_77,Meera Menon,800666,219144,0.404,0
CUST_78,Riya Gupta,79300,73982,0.129,0
CUST_79,Kavya Sharma,316093,44683,0.73,1
CUST_80,Vivaan Patel,571693,122091,0.499,0
CUST_81,Tanvi Sharma,307016,125797,0.277,0
CUST_82,Diya Iyer,314359,14587,1.0,1
CUST_83,Rohan Nair,557473,237602,0.267,0
CUST_84,Vivaan Naidu,708802,159599,0.445,0
CUST_85,Aarav Das,526479,293713,0.201,0
CUST_86,Aditya Singh,454975,281295,0.176,0
CUST_87,Aarav Verma,837585,198246,0.429,0
CUST_88,Aanya Mehta,349679,52739,0.668,1
CUST_89,Nikhil Chopra,667941,40954,1.0,1
CUST_90,Riya Agarwal,61717,251935,0.051,0
CUST_91,Saanvi Patel,12763,117373,0.024,0
CUST_92,Kavya Reddy,365054,42700,0.878,1
CUST_93,Vivaan Patel,65480,131728,0.074,0
CUST_94,Meera Joshi,704119,79045,0.901,1
CUST_95,Aditya Pillai,217139,152972,0.175,0
CUST_96,Riya Kumar,128094,9881,1.0,1
CUST_97,Aanya Nair,690667,290933,0.277,0
CUST_98,Aryan Sharma,761731,96059,0.823,1
CUST_99,Arjun Das,545352,222566,0.271,0
CUST_100,Aryan Naidu,86848,117388,0.077,0
CUST_101,Ishita Patel,571836,206303,0.292,0
CUST_102,Aanya Naidu,178017,273406,0.07,0
CUST_103,Arjun Pandey,975441,89972,1.0,1
CUST_104,Aanya Verma,802908,62722,1.0,1
CUST_105,Aryan Chopra,454972,189890,0.247,0
CUST_106,Kavya Kumar,886533,277045,0.364,0
CUST_107,Vihaan Pillai,536670,125473,0.475,0
CUST_108,Krishna Iyer,452899,278741,0.201,0
CUST_109,Meera Verma,491215,223286,0.22,0
CUST_110,Rohan Gupta,710636,251896,0.282,0
CUST_111,Ananya Patel,960906,164877,0.602,1
CUST_112,Aanya Iyer,495097,19874,1.0,1
CUST_113,Ishita Bose,513516,232137,0.222,0
CUST_114,Kavya Sharma,430162,284223,0.175,0
CUST_115,Diya Nair,613986,103408,0.641,1
CUST_116,Rohit Iyer,780050,128606,0.623,1
CUST_117,Aryan Das,777669,128062,0.64,1
CUST_118,Aarav Patel,949839,20100,1.0,1
CUST_119,Rohit Verma,55095,158872,0.047,0
CUST_120,Sneha Singh,483146,202472,0.271,0
CUST_121,Ananya Reddy,402118,299581,0.145,0
CUST_122,Ishita Kumar,823629,242196,0.346,0
CUST_123,Riya Reddy,924051,215609,0.464,0
CUST_124,Sneha Mehta,556298,159014,0.356,0
CUST_125,Vihaan Patel,427339,291006,0.197,0
CUST_126,Ananya Singh,360067,281813,0.137,0
CUST_127,Tanvi Iyer,668250,192844,0.376,0
CUST_128,Vivaan Verma,402670,286060,0.161,0
CUST_129,Ishita Mehta,119162,281022,0.049,0
CUST_130,Tanvi Agarwal,393071,273129,0.145,0
CUST_131,Saanvi Gupta,280170,212720,0.163,0
CUST_132,Aarav Joshi,337069,49235,0.725,1
CUST_133,Ananya Singh,603130,289075,0.251,0
CUST_134,Meera Patel,305809,100876,0.327,0
CUST_135,Riya Naidu,281421,8336,1.0,1
CUST_136,Tanvi Chopra,183311,77504,0.27,0
CUST_137,Tanvi Verma,450880,107214,0.457,0
CUST_138,Aanya Ghosh,844440,190220,0.469,0
CUST_139,Diya Pillai,811115,121936,0.697,1
CUST_140,Ananya Mehta,666030,24279,1.0,1
CUST_141,Saanvi Nair,230283,207737,0.131,0
CUST_142,Sneha Pillai,683249,111751,0.652,1
CUST_143,Diya Reddy,458828,79386,0.608,1
CUST_144,Krishna Singh,709895,94124,0.763,1
CUST_145,Saanvi Chopra,350686,99911,0.352,0
CUST_146,Meera Pillai,326463,205742,0.177,0
CUST_147,Ananya Naidu,255144,229094,0.139,0
CUST_148,Aarav Pandey,888499,245723,0.404,0
CUST_149,Aryan Kumar,686999,90806,0.763,1
CUST_150,Aarav Menon,205784,215605,0.135,0
CUST_151,Ananya Menon,944137,238097,0.44,0
CUST_152,Ishita Mehta,786505,205478,0.39,0
CUST_153,Aditya Pillai,962164,178591,0.581,0
CUST_154,Aryan Gupta,341119,173596,0.246,0
CUST_155,Krishna Verma,173244,172957,0.137,0
CUST_156,Tanvi Singh,462413,240204,0.232,0
CUST_157,Sneha Chopra,111158,189871,0.108,0
CUST_158,Kavya Bose,986351,251154,0.423,0
CUST_159,Kavya Iyer,808009,80307,1.0,1
CUST_160,Arjun Pandey,873731,243998,0.4,0
CUST_161,Aditya Patel,816608,129757,0.66,1
CUST_162,Vivaan Kumar,971890,61664,1.0,1
CUST_163,Vihaan Gupta,73972,174536,0.055,0
CUST_164,Arjun Verma,916450,267438,0.38,0
CUST_165,Aanya Iyer,493007,158528,0.315,0
CUST_166,Vihaan Ghosh,444219,283553,0.203,0
CUST_167,Aryan Verma,292140,208399,0.156,0
CUST_168,Krishna Menon,635210,230472,0.282,0
CUST_169,Rohit Nair,883030,239182,0.391,0
CUST_170,Vihaan Agarwal,570219,289836,0.199,0
CUST_171,Ishita Menon,658456,97037,0.713,1
CUST_172,Aditya Sharma,176782,217912,0.126,0
CUST_173,Aanya Verma,133099,193272,0.111,0
CUST_174,Aditya Naidu,568981,232135,0.251,0
CUST_175,Vihaan Agarwal,963244,196487,0.497,0
CUST_176,Tanvi Bose,118944,26074,0.497,0
CUST_177,Ananya Patel,758943,154621,0.537,0
CUST_178,Sneha Nair,741862,235434,0.338,0
CUST_179,Krishna Patel,813806,240679,0.363,0
CUST_180,Aditya Chopra,257572,60265,0.443,0
CUST_181,Aditya Gupta,353615,24061,1.0,1
CUST_182,Krishna Iyer,580201,167882,0.378,0
CUST_183,Arjun Das,920115,121502,0.772,1
CUST_184,Tanvi Joshi,207097,292944,0.086,0
CUST_185,Aanya Gupta,840948,264505,0.362,0
CUST_186,Krishna Das,622084,115228,0.541,0
CUST_187,Rohit Kumar,298213,214548,0.155,0
CUST_188,Tanvi Pillai,914765,298198,0.334,0
CUST_189,Nikhil Iyer,983737,184469,0.541,0
CUST_190,Rohit Agarwal,94811,21233,0.451,0
CUST_191,Saanvi Bose,200121,250277,0.121,0
CUST_192,Arjun Kumar,767180,164140,0.512,0
CUST_193,Diya Pillai,390172,112135,0.389,0
CUST_194,Aryan Pandey,573466,225314,0.299,0
CUST_195,Kavya Kumar,829253,21682,1.0,1
CUST_196,Tanvi Menon,979231,162455,0.643,1
CUST_197,Saanvi Agarwal,464151,232404,0.219,0
CUST_198,Kavya Pillai,551287,293810,0.221,0
CUST_199,Kavya Agarwal,465738,99198,0.519,0
CUST_200,Nikhil Bose,310856,49830,0.635,1
CUST_201,Kavya Menon,205623,18234,1.0,1
CUST_202,Ishita Ghosh,705532,65616,1.0,1
CUST_203,Tanvi Gupta,305866,279365,0.116,0
CUST_204,Aryan Pillai,807057,150482,0.54,0
CUST_205,Meera Agarwal,208237,219127,0.137,0
CUST_206,Saanvi Naidu,541147,200485,0.319,0
CUST_207,Aryan Sharma,969113,9051,1.0,1
CUST_208,Vihaan Chopra,970811,84918,1.0,1
CUST_209,Sneha Sharma,645274,86116,0.753,1
CUST_210,Krishna Singh,766942,236931,0.368,0
CUST_211,Rohan Sharma,293983,216547,0.159,0
CUST_212,Rohan Das,299360,234572,0.144,0
CUST_213,Aanya Mehta,849385,139379,0.633,1
CUST_214,Aarav Nair,487697,64889,0.768,1
CUST_215,Tanvi Pandey,463809,234256,0.222,0
CUST_216,Tanvi Ghosh,999579,46134,1.0,1
CUST_217,Rohit Singh,59522,210834,0.058,0
CUST_218,Arjun Patel,240233,235579,0.137,0
CUST_219,Saanvi Agarwal,408102,33954,1.0,1
CUST_220,Vivaan Singh,383393,194093,0.234,0
CUST_221,Meera Agarwal,17485,234999,0.041,0
CUST_222,Rohit Das,434671,218938,0.205,0
CUST_223,Ishita Nair,777344,209499,0.4,0
CUST_224,Rohan Reddy,944271,275136,0.356,0
CUST_225,Rohit Joshi,122701,9961,1.0,1
CUST_226,Rohit Gupta,955957,20497,1.0,1
CUST_227,Aditya Mehta,217352,264446,0.132,0
CUST_228,Riya Kumar,636926,283399,0.229,0
CUST_229,Riya Ghosh,194514,143639,0.174,0
CUST_230,Arjun Menon,455093,243889,0.22,0
CUST_231,Rohan Patel,808658,187075,0.471,0
CUST_232,Rohit Joshi,627693,28389,1.0,1
CUST_233,Aditya Patel,819020,183595,0.471,0
CUST_234,Kavya Agarwal,220048,221175,0.139,0
CUST_235,Nikhil Bose,697069,11358,1.0,1
CUST_236,Arjun Das,975292,260557,0.386,0
CUST_237,Sneha Sharma,47019,215596,0.049,0
CUST_238,Aryan Patel,972452,262488,0.397,0
CUST_239,Rohan Pandey,271497,113982,0.252,0
CUST_240,Vihaan Mehta,599421,236129,0.269,0
CUST_241,Tanvi Ghosh,910876,275842,0.344,0
CUST_242,Vivaan Mehta,731818,101079,0.763,1
CUST_243,Krishna Das,389747,63805,0.643,1
CUST_244,Vivaan Patel,168598,170421,0.141,0
CUST_245,Aryan Naidu,662873,215849,0.356,0
CUST_246,Sneha Ghosh,455414,246483,0.208,0
CUST_247,Krishna Reddy,779460,52041,1.0,1
CUST_248,Ishita Bose,502750,278146,0.183,0
CUST_249,Rohan Joshi,839827,115524,0.742,1
CUST_250,Vivaan Singh,427247,226306,0.235,0
CUST_251,Kavya Reddy,478758,27738,1.0,1
CUST_252,Riya Ghosh,660102,280847,0.249,0
CUST_253,Vihaan Pillai,965205,121776,0.813,1
CUST_254,Aryan Nair,384743,188494,0.234,0
CUST_255,Aditya Joshi,35939,200971,0.051,0
CUST_256,Krishna Bose,976649,285785,0.349,0
CUST_257,Vivaan Singh,947828,276449,0.392,0
CUST_258,Riya Pillai,163939,237334,0.096,0
CUST_259,Aanya Verma,796635,288926,0.283,0
CUST_260,Aryan Ghosh,944048,244371,0.431,0
CUST_261,Aanya Pillai,943403,85963,1.0,1
CUST_262,Sneha Pandey,825495,129987,0.68,1
CUST_263,Ishita Das,625168,159638,0.441,0
CUST_264,Aditya Nair,538036,132591,0.441,0
CUST_265,Nikhil Mehta,246094,75766,0.363,0
CUST_266,Rohit Reddy,389413,14511,1.0,1
CUST_267,Arjun Bose,994133,122816,0.857,1
CUST_268,Nikhil Agarwal,877196,257432,0.367,0
CUST_269,Ananya Gupta,161956,274909,0.096,0
CUST_270,Kavya Agarwal,166255,159426,0.15,0
CUST_271,Sneha Sharma,474462,294073,0.21,0
CUST_272,Rohan Kumar,904468,167892,0.58,0
CUST_273,Ananya Menon,684619,119576,0.588,0
CUST_274,Saanvi Menon,701319,79088,0.935,1
CUST_275,Vivaan Naidu,912957,85525,1.0,1
CUST_276,Vihaan Das,436673,21780,1.0,1
CUST_277,Aanya Agarwal,357823,276733,0.163,0
CUST_278,Vivaan Reddy,135829,112188,0.136,0
CUST_279,Arjun Patel,138216,101326,0.155,0
CUST_280,Ishita Menon,929607,73785,1.0,1
CUST_281,Vivaan Chopra,600189,27309,1.0,1
CUST_282,Aarav Mehta,777674,62195,1.0,1
CUST_283,Arjun Chopra,185607,33901,0.576,0
CUST_284,Saanvi Verma,419319,162648,0.275,0
CUST_285,Aarav Mehta,632334,33464,1.0,1
CUST_286,Aanya Pillai,362156,286404,0.15,0
CUST_287,Aanya Gupta,612566,132997,0.464,0
CUST_288,Tanvi Pandey,284535,64683,0.448,0
CUST_289,Meera Pillai,112476,180502,0.065,0
CUST_290,Riya Menon,956405,164177,0.608,1
CUST_291,Vivaan Sharma,392865,86484,0.46,0
CUST_292,Aryan Ghosh,631825,257819,0.251,0
CUST_293,Krishna Patel,877591,214486,0.456,0
CUST_294,Meera Kumar,995418,149449,0.71,1
CUST_295,Vihaan Chopra,927472,61592,1.0,1
CUST_296,Aanya Menon,191429,146419,0.18,0
CUST_297,Meera Patel,227980,63798,0.357,0
CUST_298,Saanvi Sharma,513551,143370,0.389,0
CUST_299,Aditya Joshi,965941,251767,0.414,0
CUST_300,Meera Agarwal,831935,28922,1.0,1
CUST_301,Arjun Sharma,496675,234817,0.231,0
CUST_302,Rohan Joshi,85403,10866,0.809,1
CUST_303,Ishita Joshi,968762,120669,0.824,1
CUST_304,Krishna Iyer,961228,276042,0.385,0
CUST_305,Kavya Verma,598574,288539,0.214,0
CUST_306,Sneha Pillai,346986,178091,0.205,0
CUST_307,Aditya Kumar,114927,274150,0.051,0
CUST_308,Aanya Pandey,811340,173465,0.481,0
CUST_309,Saanvi Pillai,495833,281100,0.203,0
CUST_310,Aarav Patel,453842,129724,0.355,0
CUST_311,Ishita Pandey,309372,70901,0.48,0
CUST_312,Rohan Mehta,33386,208569,0.031,0
CUST_313,Riya Joshi,187826,125192,0.158,0
CUST_314,Diya Sharma,514158,180646,0.318,0
CUST_315,Ananya Agarwal,300446,102881,0.294,0
CUST_316,Ananya Chopra,332959,250934,0.164,0
CUST_317,Ishita Pandey,262156,140659,0.221,0
CUST_318,Meera Patel,859776,129688,0.674,1
CUST_319,Meera Joshi,963122,123584,0.781,1
CUST_320,Aarav Pillai,908035,193782,0.487,0
CUST_321,Meera Das,479450,230820,0.213,0
CUST_322,Vivaan Mehta,333258,224896,0.154,0
CUST_323,Aryan Singh,258724,299576,0.099,0
CUST_324,Aditya Joshi,211202,187689,0.127,0
CUST_325,Krishna Menon,35525,173289,0.047,0
CUST_326,Ishita Bose,89818,291028,0.065,0
CUST_327,Ishita Ghosh,124589,275598,0.075,0
CUST_328,Vivaan Bose,155406,82960,0.195,0
CUST_329,Rohan Menon,629003,110421,0.578,0
CUST_330,Kavya Naidu,203839,246245,0.127,0
CUST_331,Tanvi Singh,803076,51618,1.0,1
CUST_332,Aanya Singh,373298,55111,0.721,1
CUST_333,Rohit Pillai,516453,224750,0.248,0
CUST_334,Aanya Singh,960437,128592,0.778,1
CUST_335,Rohan Pandey,267438,242000,0.137,0
CUST_336,Vivaan Bose,839901,263989,0.334,0
CUST_337,Vivaan Ghosh,436903,136652,0.343,0
CUST_338,Diya Mehta,903041,86672,1.0,1
CUST_339,Aditya Pillai,455872,258351,0.186,0
CUST_340,Tanvi Iyer,420591,225516,0.202,0
CUST_341,Diya Mehta,517235,69602,0.783,1
CUST_342,Vivaan Sharma,523951,211117,0.294,0
CUST_343,Kavya Bose,337350,245069,0.156,0
CUST_344,Nikhil Chopra,892894,50222,1.0,1
CUST_345,Saanvi Nair,701967,249084,0.292,0
CUST_346,Vivaan Gupta,617466,250318,0.281,0
CUST_347,Arjun Singh,951497,73333,1.0,1
CUST_348,Diya Sharma,709746,191804,0.419,0
CUST_349,Sneha Menon,788754,57420,1.0,1
CUST_350,Meera Menon,449503,83504,0.558,0
CUST_351,Rohit Menon,96724,10462,0.955,1
CUST_352,Ishita Menon,763492,279604,0.313,0
CUST_353,Ishita Das,106393,107319,0.123,0
CUST_354,Aarav Agarwal,923746,264674,0.37,0
CUST_355,Aditya Verma,610600,148347,0.461,0
CUST_356,Vivaan Pandey,871756,152341,0.573,0
CUST_357,Sneha Verma,605484,137593,0.485,0
CUST_358,Ananya Kumar,604302,130672,0.47,0
CUST_359,Aryan Verma,411426,292697,0.18,0
CUST_360,Riya Singh,676282,52036,1.0,1
CUST_361,Diya Gupta,439505,156441,0.298,0
CUST_362,Ishita Patel,532313,150867,0.397,0
CUST_363,Nikhil Sharma,43340,78021,0.056,0
CUST_364,Meera Bose,311994,169215,0.196,0
CUST_365,Ishita Gupta,984488,244304,0.431,0
CUST_366,Aanya Reddy,506915,13368,1.0,1
CUST_367,Diya Naidu,647999,143693,0.481,0
CUST_368,Sneha Verma,749538,66829,1.0,1
CUST_369,Kavya Naidu,21094,284863,0.013,0
CUST_370,Ishita Bose,884391,37227,1.0,1
CUST_371,Aryan Patel,960922,117430,0.828,1
CUST_372,Sneha Joshi,802173,20306,1.0,1
CUST_373,Kavya Joshi,645873,61822,1.0,1
CUST_374,Sneha Ghosh,475590,32042,1.0,1
CUST_375,Sneha Pillai,520491,156459,0.374,0
CUST_376,Krishna Patel,394708,97424,0.415,0
CUST_377,Krishna Iyer,78798,190690,0.063,0
CUST_378,Saanvi Naidu,912458,231122,0.405,0
CUST_379,Vihaan Das,211604,157395,0.148,0
CUST_380,Krishna Pillai,120130,26019,0.487,0
CUST_381,Aryan Patel,818596,48863,1.0,1
CUST_382,Tanvi Joshi,700955,119023,0.6,0
CUST_383,Krishna Patel,40257,149355,0.074,0
CUST_384,Aanya Chopra,417427,70780,0.613,1
CUST_385,Saanvi Joshi,892421,293052,0.327,0
CUST_386,Rohan Chopra,932736,200656,0.466,0
CUST_387,Saanvi Kumar,995257,177024,0.575,0
CUST_388,Nikhil Chopra,62691,108706,0.101,0
CUST_389,Sneha Patel,614056,176735,0.356,0
CUST_390,Krishna Singh,428829,130019,0.351,0
CUST_391,Saanvi Naidu,548314,200453,0.274,0
CUST_392,Aditya Pandey,981039,187001,0.549,0
CUST_393,Arjun Kumar,759450,279487,0.273,0
CUST_394,Rohit Pillai,303052,108260,0.321,0
CUST_395,Vivaan Joshi,979617,178863,0.589,0
CUST_396,Nikhil Mehta,553898,168206,0.369,0
CUST_397,Saanvi Sharma,187718,186173,0.115,0
CUST_398,Diya Naidu,508357,77443,0.698,1
CUST_399,Rohit Gupta,335329,238183,0.168,0
CUST_400,Saanvi Reddy,868999,143899,0.623,1
CUST_401,Meera Mehta,188646,104143,0.212,0
CUST_402,Diya Iyer,528420,201725,0.263,0
CUST_403,Aditya Iyer,232123,152771,0.159,0
CUST_404,Saanvi Agarwal,505236,256044,0.234,0
CUST_405,Aditya Pandey,832614,144385,0.589,0
CUST_406,Aryan Pandey,912568,152670,0.628,1
CUST_407,Sneha Kumar,928074,119362,0.797,1
CUST_408,Aryan Pillai,501006,254517,0.24,0
CUST_409,Aryan Patel,553576,298951,0.233,0
CUST_410,Diya Mehta,875256,208462,0.464,0
CUST_411,Rohit Singh,957381,184298,0.533,0
CUST_412,Diya Singh,618713,67550,0.926,1
CUST_413,Diya Patel,10917,273702,0.028,0
CUST_414,Nikhil Chopra,872034,194950,0.448,0
CUST_415,Rohan Naidu,861007,66219,1.0,1
CUST_416,Rohan Kumar,868950,174258,0.526,0
CUST_417,Arjun Singh,787475,172841,0.482,0
CUST_418,Aanya Sharma,49104,259004,0.069,0
CUST_419,Sneha Nair,683422,265336,0.268,0
CUST_420,Aarav Naidu,289143,244495,0.131,0
CUST_421,Riya Verma,272091,61218,0.45,0
CUST_422,Tanvi Sharma,465061,289373,0.207,0
CUST_423,Sneha Verma,413157,35877,1.0,1
CUST_424,Ishita Gupta,595457,197073,0.343,0
CUST_425,Rohit Verma,164542,155878,0.151,0
CUST_426,Saanvi Bose,139744,227707,0.088,0
CUST_427,Saanvi Reddy,907116,249249,0.386,0
CUST_428,Sneha Menon,69821,45034,0.172,0
CUST_429,Aarav Das,227741,179389,0.156,0
CUST_430,Tanvi Nair,259265,196868,0.154,0
CUST_431,Sneha Pillai,447651,18589,1.0,1
CUST_432,Aanya Patel,407745,65221,0.672,1
CUST_433,Diya Singh,224127,263927,0.134,0
CUST_434,Vihaan Agarwal,284336,271801,0.144,0
CUST_435,Vihaan Singh,346246,125229,0.314,0
CUST_436,Vihaan Ghosh,213834,60227,0.389,0
CUST_437,Sneha Chopra,768826,273308,0.29,0
CUST_438,Kavya Reddy,911326,101078,0.905,1
CUST_439,Vihaan Iyer,96795,243113,0.074,0
CUST_440,Nikhil Kumar,175159,58599,0.335,0
CUST_441,Diya Chopra,338821,254367,0.136,0
CUST_442,Sneha Menon,669987,197651,0.385,0
CUST_443,Rohit Pillai,984045,76207,1.0,1
CUST_444,Diya Naidu,253877,119426,0.227,0
CUST_445,Rohit Agarwal,209298,142794,0.18,0
CUST_446,Vihaan Reddy,508843,179103,0.293,0
CUST_447,Rohan Mehta,930759,218307,0.429,0
CUST_448,Ananya Joshi,722793,29438,1.0,1
CUST_449,Aditya Bose,146285,66819,0.257,0
CUST_450,Tanvi Reddy,112412,51856,0.237,0
CUST_451,Rohan Verma,553692,67807,0.849,1
CUST_452,Vivaan Iyer,126545,51461,0.275,0
CUST_453,Meera Mehta,428596,101474,0.423,0
CUST_454,Krishna Bose,232128,290579,0.129,0
CUST_455,Krishna Gupta,684533,223189,0.309,0
CUST_456,Aanya Menon,718387,262730,0.322,0
CUST_457,Vihaan Iyer,820421,254732,0.35,0
CUST_458,Rohit Pandey,795945,170793,0.514,0
CUST_459,Aditya Verma,380250,62786,0.611,1
CUST_460,Sneha Chopra,296663,283848,0.129,0
CUST_461,Nikhil Menon,791163,64635,1.0,1
CUST_462,Kavya Nair,818871,248909,0.332,0
CUST_463,Krishna Ghosh,390714,253984,0.185,0
CUST_464,Sneha Agarwal,24995,120752,0.031,0
CUST_465,Vivaan Menon,33559,219194,0.045,0
CUST_466,Rohit Verma,531244,236584,0.23,0
CUST_467,Krishna Verma,361193,140886,0.273,0
CUST_468,Riya Kumar,408237,86537,0.511,0
CUST_469,Sneha Das,632288,155580,0.428,0
CUST_470,Rohan Gupta,686479,93166,0.768,1
CUST_471,Aarav Iyer,454755,217988,0.241,0
CUST_472,Aarav Naidu,498051,202840,0.288,0
CUST_473,Arjun Gupta,835782,42785,1.0,1
CUST_474,Sneha Bose,449439,171052,0.297,0
CUST_475,Nikhil Patel,35517,239791,0.063,0
CUST_476,Kavya Agarwal,481869,74253,0.685,1
CUST_477,Tanvi Gupta,425466,99128,0.454,0
CUST_478,Aarav Gupta,225558,169081,0.165,0
CUST_479,Rohan Nair,486111,118966,0.446,0
CUST_480,Aditya Chopra,885564,145854,0.638,1
CUST_481,Rohan Pandey,494282,107352,0.461,0
CUST_482,Tanvi Mehta,470014,147379,0.329,0
CUST_483,Aarav Iyer,457415,231279,0.238,0
CUST_484,Kavya Mehta,527039,245281,0.229,0
CUST_485,Aryan Ghosh,855978,116297,0.773,1
CUST_486,Sneha Sharma,531396,214946,0.266,0
CUST_487,Diya Gupta,115686,46346,0.276,0
CUST_488,Kavya Mehta,622439,120138,0.522,0
CUST_489,Riya Verma,275471,48149,0.581,0
CUST_490,Vihaan Singh,654606,166598,0.441,0
CUST_491,Riya Singh,957272,136447,0.746,1
CUST_492,Saanvi Pillai,729778,13695,1.0,1
CUST_493,Kavya Naidu,497602,47169,1.0,1
CUST_494,Nikhil Patel,708148,186296,0.414,0
CUST_495,Krishna Chopra,650233,164625,0.426,0
CUST_496,Rohit Mehta,223456,194098,0.144,0
CUST_497,Tanvi Pillai,318974,200994,0.162,0
CUST_498,Aarav Gupta,62446,9881,0.664,1
CUST_499,Rohit Mehta,418376,87211,0.518,0
CUST_500,Ananya Reddy,721943,164078,0.49,0
