customer_id,customer_name,age,balance,transaction_freq,product_usage,true_cluster
CUST_1,Riya Verma,24,6624,90,3,0
CUST_2,Arjun Bose,21,6068,99,2,0
CUST_3,Saanvi Patel,30,2900,80,2,0
CUST_4,Aditya Nair,22,2449,64,3,0
CUST_5,Kavya Sharma,29,13868,93,2,0
CUST_6,Krishna Ghosh,23,3096,50,3,0
CUST_7,Rohit Das,24,11595,99,3,0
CUST_8,Kavya Pandey,23,13925,68,3,0
CUST_9,Krishna Menon,22,13928,53,2,0
CUST_10,Arjun Bose,23,11053,70,3,0
CUST_11,Ishita Verma,33,8531,89,2,0
CUST_12,Ananya Joshi,34,2619,53,2,0
CUST_13,Vivaan Pillai,23,7868,59,5,0
CUST_14,Sneha Patel,31,5713,59,3,0
CUST_15,Aarav Kumar,31,5998,64,4,0
CUST_16,Krishna Verma,31,9461,39,5,0
CUST_17,Riya Kumar,25,3014,99,5,0
CUST_18,Aditya Verma,28,6347,85,4,0
CUST_19,Kavya Das,23,9017,86,2,0
CUST_20,Kavya Nair,23,1689,62,4,0
CUST_21,Vihaan Pandey,26,12333,44,3,0
CUST_22,Ishita Pillai,27,2171,44,5,0
CUST_23,Aryan Joshi,26,2449,55,5,0
CUST_24,Ishita Reddy,27,14183,43,2,0
CUST_25,Saanvi Naidu,24,3361,50,3,0
CUST_26,Rohit Naidu,24,4670,66,5,0
CUST_27,Aditya Verma,20,2938,41,2,0
CUST_28,Saanvi Mehta,32,9616,62,3,0
CUST_29,Arjun Verma,24,8875,62,2,0
CUST_30,Aarav Iyer,27,1572,57,3,0
CUST_31,Aryan Bose,30,14992,68,3,0
CUST_32,Vihaan Pillai,20,5624,99,3,0
CUST_33,Tanvi Sharma,25,11849,94,3,0
CUST_34,Aditya Menon,24,12780,31,3,0
CUST_35,Sneha Chopra,28,4137,45,5,0
CUST_36,Krishna Pillai,22,13924,68,3,0
CUST_37,Aanya Naidu,31,9535,69,3,0
CUST_38,Kavya Agarwal,31,5666,39,4,0
CUST_39,Vihaan Das,22,2854,78,5,0
CUST_40,Saanvi Mehta,26,3324,49,3,0
CUST_41,Tanvi Menon,34,10283,44,5,0
CUST_42,Sneha Verma,27,2749,43,4,0
CUST_43,Ananya Naidu,32,12240,69,3,0
CUST_44,Arjun Iyer,31,8193,92,3,0
CUST_45,Ishita Sharma,28,6879,32,5,0
CUST_46,Kavya Agarwal,31,8264,71,5,0
CUST_47,Rohan Pillai,22,5869,68,5,0
CUST_48,Krishna Agarwal,26,7744,79,4,0
CUST_49,Arjun Patel,22,7852,80,4,0
CUST_50,Diya Verma,27,7411,37,5,0
CUST_51,Vivaan Bose,31,1475,70,5,0
CUST_52,Arjun Nair,24,8239,84,2,0
CUST_53,Sneha Gupta,34,9078,77,3,0
CUST_54,Aanya Iyer,27,14521,71,5,0
CUST_55,Aryan Gupta,23,4525,41,3,0
CUST_56,Saanvi Gupta,26,5943,32,2,0
CUST_57,Kavya Iyer,22,1282,69,3,0
CUST_58,Nikhil Patel,20,11459,30,4,0
CUST_59,Rohit Iyer,27,1612,61,5,0
CUST_60,Saanvi Naidu,30,9804,33,3,0
CUST_61,Rohit Pandey,25,7509,48,5,0
CUST_62,Vivaan Verma,28,14835,40,3,0
CUST_63,Aarav Pandey,26,8183,30,4,0
CUST_64,Vihaan Pillai,32,11102,50,3,0
CUST_65,Nikhil Ghosh,32,8329,33,5,0
CUST_66,Riya Pandey,25,2529,88,4,0
CUST_67,Diya Ghosh,30,9004,54,4,0
CUST_68,Diya Singh,20,11435,54,5,0
CUST_69,Arjun Joshi,21,8833,34,4,0
CUST_70,Sneha Menon,32,12739,38,5,0
CUST_71,Kavya Pandey,25,14745,35,4,0
CUST_72,Aryan Bose,31,8544,40,3,0
CUST_73,Sneha Das,34,14675,32,5,0
CUST_74,Meera Joshi,31,11013,50,5,0
CUST_75,Kavya Chopra,27,10433,91,2,0
CUST_76,Saanvi Singh,24,10890,81,3,0
CUST_77,Vivaan Bose,28,7450,76,3,0
CUST_78,Sneha Pandey,29,2098,86,4,0
CUST_79,Rohan Pillai,25,7416,98,5,0
CUST_80,Kavya Pillai,30,12101,44,4,0
CUST_81,Aanya Gupta,22,13576,45,3,0
CUST_82,Aanya Menon,21,5578,69,5,0
CUST_83,Rohan Agarwal,31,10262,68,3,0
CUST_84,Vivaan Kumar,28,6779,30,5,0
CUST_85,Krishna Pillai,26,10046,92,4,0
CUST_86,Kavya Iyer,23,1441,54,4,0
CUST_87,Ananya Pillai,25,8358,50,4,0
CUST_88,Riya Ghosh,28,12892,82,3,0
CUST_89,Rohit Bose,23,7115,46,4,0
CUST_90,Tanvi Chopra,28,13130,35,4,0
CUST_91,Nikhil Sharma,30,3454,88,4,0
CUST_92,Krishna Iyer,21,7701,67,3,0
CUST_93,Aarav Joshi,23,5596,91,4,0
CUST_94,Vivaan Patel,22,6661,54,5,0
CUST_95,Vihaan Gupta,27,13557,55,3,0
CUST_96,Meera Kumar,26,5757,77,2,0
CUST_97,Rohan Nair,22,8789,80,4,0
CUST_98,Vivaan Patel,29,6394,57,5,0
CUST_99,Rohan Gupta,32,12981,92,2,0
CUST_100,Tanvi Patel,30,14947,48,4,0
CUST_101,Ananya Naidu,23,5493,67,2,0
CUST_102,Arjun Menon,32,3723,69,2,0
CUST_103,Tanvi Das,33,1264,93,2,0
CUST_104,Tanvi Joshi,27,14965,82,4,0
CUST_105,Ishita Pandey,28,11573,70,5,0
CUST_106,Rohan Patel,30,9259,37,3,0
CUST_107,Aryan Joshi,28,8804,70,5,0
CUST_108,Nikhil Mehta,34,6374,84,5,0
CUST_109,Tanvi Patel,32,10277,77,3,0
CUST_110,Aarav Nair,31,6154,40,5,0
CUST_111,Aanya Menon,33,10777,50,2,0
CUST_112,Saanvi Das,23,13132,96,5,0
CUST_113,Ananya Ghosh,20,8156,90,2,0
CUST_114,Tanvi Menon,23,10250,94,5,0
CUST_115,Aanya Gupta,32,1342,76,5,0
CUST_116,Rohan Naidu,31,7581,75,4,0
CUST_117,Diya Reddy,34,11088,48,3,0
CUST_118,Diya Kumar,23,7748,51,5,0
CUST_119,Krishna Iyer,24,8986,67,5,0
CUST_120,Aryan Patel,28,4740,80,5,0
CUST_121,Nikhil Nair,26,2478,57,5,0
CUST_122,Tanvi Nair,25,9770,95,5,0
CUST_123,Vivaan Kumar,21,3394,84,2,0
CUST_124,Rohit Nair,20,10302,67,3,0
CUST_125,Aarav Mehta,25,4736,46,2,0
CUST_126,Saanvi Singh,31,13549,56,5,0
CUST_127,Vihaan Singh,22,4451,94,2,0
CUST_128,Kavya Menon,32,10836,69,3,0
CUST_129,Vihaan Menon,22,2455,85,2,0
CUST_130,Rohan Verma,32,5796,78,3,0
CUST_131,Rohit Pillai,20,10405,37,4,0
CUST_132,Ananya Reddy,23,5987,68,2,0
CUST_133,Kavya Pandey,24,2968,93,3,0
CUST_134,Ishita Kumar,29,6482,83,3,0
CUST_135,Krishna Reddy,28,2800,66,2,0
CUST_136,Krishna Kumar,28,1855,50,4,0
CUST_137,Nikhil Pillai,30,1182,70,4,0
CUST_138,Tanvi Joshi,32,6823,40,3,0
CUST_139,Aditya Agarwal,22,6002,75,2,0
CUST_140,Ishita Gupta,20,12431,48,5,0
CUST_141,Kavya Mehta,27,13743,90,2,0
CUST_142,Ananya Chopra,32,12531,90,5,0
CUST_143,Aanya Menon,20,12564,98,5,0
CUST_144,Krishna Verma,28,14146,75,4,0
CUST_145,Tanvi Sharma,33,4052,76,4,0
CUST_146,Arjun Agarwal,20,6806,47,3,0
CUST_147,Saanvi Das,23,1989,62,4,0
CUST_148,Sneha Menon,23,1593,48,4,0
CUST_149,Ishita Patel,31,1935,44,2,0
CUST_150,Kavya Joshi,26,6889,92,2,0
CUST_151,Arjun Joshi,28,1201,95,4,0
CUST_152,Meera Pillai,30,11188,39,3,0
CUST_153,Rohan Sharma,21,5658,68,5,0
CUST_154,Krishna Agarwal,22,4155,99,4,0
CUST_155,Krishna Pandey,24,12777,67,4,0
CUST_156,Saanvi Verma,33,7439,31,2,0
CUST_157,Vihaan Chopra,28,13285,41,4,0
CUST_158,Aanya Mehta,30,2856,84,2,0
CUST_159,Krishna Reddy,34,6476,91,2,0
CUST_160,Arjun Kumar,34,5318,54,4,0
CUST_161,Tanvi Pillai,27,6624,67,5,0
CUST_162,Aarav Reddy,24,14749,47,5,0
CUST_163,Aanya Gupta,22,4500,82,3,0
CUST_164,Nikhil Iyer,29,14341,89,5,0
CUST_165,Aanya Pillai,21,2823,96,4,0
CUST_166,Nikhil Reddy,31,4243,70,4,0
CUST_167,Vivaan Sharma,26,1359,77,5,0
CUST_168,Saanvi Mehta,29,2141,62,5,0
CUST_169,Vihaan Reddy,26,4361,85,5,0
CUST_170,Aditya Patel,24,1006,97,2,0
CUST_171,Diya Nair,27,5928,94,4,0
CUST_172,Tanvi Reddy,23,6906,58,3,0
CUST_173,Rohit Das,31,1913,64,4,0
CUST_174,Meera Bose,34,14790,40,2,0
CUST_175,Aryan Naidu,20,2829,93,2,0
CUST_176,Aryan Bose,27,1929,77,5,0
CUST_177,Kavya Sharma,27,12467,94,4,0
CUST_178,Aryan Iyer,23,6744,79,2,0
CUST_179,Tanvi Sharma,33,10591,88,4,0
CUST_180,Sneha Reddy,30,5652,33,3,0
CUST_181,Rohit Patel,43,62093,20,4,1
CUST_182,Aditya Agarwal,39,172489,15,3,1
CUST_183,Krishna Iyer,44,199233,14,2,1
CUST_184,Rohan Chopra,34,23036,12,3,1
CUST_185,Sneha Reddy,35,176475,27,4,1
CUST_186,Rohan Naidu,38,33800,38,1,1
CUST_187,Aryan Joshi,44,161045,29,1,1
CUST_188,Aarav Verma,42,182647,25,2,1
CUST_189,Diya Pillai,33,42716,14,1,1
CUST_190,Ishita Singh,46,148004,11,1,1
CUST_191,Aryan Pillai,48,127169,11,4,1
CUST_192,Rohan Singh,42,145544,30,2,1
CUST_193,Rohan Agarwal,41,15138,16,4,1
CUST_194,Aarav Pillai,48,100376,37,3,1
CUST_195,Tanvi Singh,32,52772,24,2,1
CUST_196,Arjun Patel,40,159355,28,1,1
CUST_197,Aarav Ghosh,46,100090,37,2,1
CUST_198,Sneha Joshi,37,89965,34,4,1
CUST_199,Tanvi Pillai,48,92988,16,1,1
CUST_200,Aditya Chopra,37,147379,14,1,1
CUST_201,Aanya Agarwal,34,107021,28,3,1
CUST_202,Aanya Bose,31,170914,31,1,1
CUST_203,Krishna Singh,44,165667,31,1,1
CUST_204,Diya Kumar,40,41086,37,1,1
CUST_205,Ishita Menon,46,147279,29,1,1
CUST_206,Meera Gupta,43,175761,21,2,1
CUST_207,Arjun Kumar,46,81418,28,2,1
CUST_208,Rohit Patel,45,53635,29,4,1
CUST_209,Tanvi Naidu,35,93518,35,4,1
CUST_210,Tanvi Reddy,35,174136,39,4,1
CUST_211,Rohan Reddy,44,197170,20,4,1
CUST_212,Meera Iyer,48,51593,26,3,1
CUST_213,Aanya Ghosh,43,167155,28,3,1
CUST_214,Riya Mehta,44,198043,16,1,1
CUST_215,Ananya Singh,32,165575,18,4,1
CUST_216,Ishita Iyer,49,23016,26,1,1
CUST_217,Rohan Menon,30,117239,17,3,1
CUST_218,Aditya Gupta,35,36826,36,1,1
CUST_219,Kavya Verma,42,171590,23,1,1
CUST_220,Saanvi Mehta,45,114441,31,1,1
CUST_221,Sneha Chopra,40,182746,31,2,1
CUST_222,Rohit Singh,39,173015,39,1,1
CUST_223,Rohit Ghosh,45,163683,11,1,1
CUST_224,Ananya Mehta,32,64847,39,1,1
CUST_225,Nikhil Kumar,44,42810,28,2,1
CUST_226,Aarav Mehta,37,99761,26,4,1
CUST_227,Ishita Das,36,156958,12,1,1
CUST_228,Nikhil Nair,33,178864,14,1,1
CUST_229,Ananya Singh,44,135356,22,4,1
CUST_230,Kavya Verma,37,23068,37,4,1
CUST_231,Saanvi Naidu,38,26390,10,4,1
CUST_232,Ananya Chopra,32,90969,17,3,1
CUST_233,Riya Pillai,38,36281,23,2,1
CUST_234,Arjun Kumar,33,23605,15,3,1
CUST_235,Sneha Reddy,32,170394,23,4,1
CUST_236,Meera Singh,42,25207,11,1,1
CUST_237,Tanvi Gupta,48,37031,11,4,1
CUST_238,Meera Reddy,46,74766,11,2,1
CUST_239,Aditya Sharma,45,126041,35,1,1
CUST_240,Krishna Sharma,44,115859,11,3,1
CUST_241,Rohit Ghosh,32,83487,32,2,1
CUST_242,Aryan Ghosh,36,43454,10,1,1
CUST_243,Aanya Patel,38,168245,30,1,1
CUST_244,Tanvi Nair,48,126668,28,1,1
CUST_245,Tanvi Pillai,46,31566,32,4,1
CUST_246,Riya Singh,39,104571,17,2,1
CUST_247,Ananya Joshi,49,40235,27,2,1
CUST_248,Ishita Ghosh,47,119859,23,4,1
CUST_249,Rohan Singh,44,61101,39,3,1
CUST_250,Saanvi Pandey,33,86126,17,2,1
CUST_251,Krishna Reddy,41,158309,11,2,1
CUST_252,Aryan Agarwal,31,194838,20,1,1
CUST_253,Krishna Sharma,41,194760,24,1,1
CUST_254,Ishita Menon,46,104081,38,2,1
CUST_255,Diya Pandey,47,190829,15,1,1
CUST_256,Vivaan Naidu,47,168512,15,1,1
CUST_257,Diya Kumar,41,70103,38,4,1
CUST_258,Rohit Ghosh,40,34008,20,3,1
CUST_259,Vivaan Verma,38,151865,21,4,1
CUST_260,Ananya Patel,33,162281,24,3,1
CUST_261,Ishita Verma,42,106218,26,2,1
CUST_262,Ishita Reddy,45,194767,21,3,1
CUST_263,Meera Agarwal,34,47441,32,2,1
CUST_264,Ishita Patel,30,107122,34,4,1
CUST_265,Aanya Pandey,39,86854,32,1,1
CUST_266,Ananya Joshi,40,30372,14,1,1
CUST_267,Riya Naidu,41,113826,26,4,1
CUST_268,Vihaan Patel,44,69040,39,1,1
CUST_269,Kavya Iyer,49,120426,28,4,1
CUST_270,Krishna Nair,34,140737,26,1,1
CUST_271,Meera Ghosh,45,165043,18,3,1
CUST_272,Tanvi Ghosh,44,82055,27,4,1
CUST_273,Diya Joshi,43,138106,21,1,1
CUST_274,Aryan Agarwal,36,17257,14,1,1
CUST_275,Rohit Reddy,33,41654,11,4,1
CUST_276,Krishna Nair,38,35808,15,3,1
CUST_277,Aryan Das,30,173819,22,3,1
CUST_278,Krishna Joshi,42,72505,18,4,1
CUST_279,Ananya Agarwal,37,137118,13,2,1
CUST_280,Riya Verma,32,77491,15,4,1
CUST_281,Sneha Sharma,41,31923,17,2,1
CUST_282,Krishna Singh,30,89083,30,4,1
CUST_283,Saanvi Kumar,40,41672,31,2,1
CUST_284,Ishita Reddy,39,77507,24,1,1
CUST_285,Krishna Nair,39,43172,14,2,1
CUST_286,Aanya Singh,31,189037,26,4,1
CUST_287,Diya Kumar,43,46881,12,1,1
CUST_288,Ananya Menon,32,197885,26,4,1
CUST_289,Arjun Das,49,170159,38,3,1
CUST_290,Nikhil Mehta,33,147473,37,2,1
CUST_291,Arjun Verma,35,190936,29,3,1
CUST_292,Riya Verma,45,158022,26,4,1
CUST_293,Aanya Ghosh,41,18866,31,1,1
CUST_294,Diya Bose,39,86354,24,2,1
CUST_295,Aarav Das,38,139577,14,2,1
CUST_296,Vihaan Singh,36,166519,30,1,1
CUST_297,Rohit Ghosh,30,70350,35,3,1
CUST_298,Diya Singh,49,76240,39,4,1
CUST_299,Krishna Patel,45,179559,20,1,1
CUST_300,Rohit Singh,33,196196,16,4,1
CUST_301,Vihaan Kumar,44,199626,18,4,1
CUST_302,Meera Kumar,40,42606,34,4,1
CUST_303,Krishna Joshi,37,26308,31,3,1
CUST_304,Sneha Ghosh,33,191743,12,1,1
CUST_305,Aarav Chopra,38,17204,11,2,1
CUST_306,Aditya Gupta,42,48870,37,3,1
CUST_307,Saanvi Menon,41,127217,17,1,1
CUST_308,Riya Verma,34,172495,29,2,1
CUST_309,Diya Das,40,76215,37,2,1
CUST_310,Nikhil Menon,38,123048,36,2,1
CUST_311,Vivaan Ghosh,41,92240,35,1,1
CUST_312,Diya Menon,39,111762,22,3,1
CUST_313,Krishna Nair,40,121956,30,4,1
CUST_314,Diya Mehta,37,22006,37,3,1
CUST_315,Saanvi Menon,40,179912,24,4,1
CUST_316,Rohit Reddy,35,179055,31,4,1
CUST_317,Ishita Joshi,44,105270,18,2,1
CUST_318,Aryan Singh,47,157105,26,2,1
CUST_319,Arjun Sharma,34,20939,18,3,1
CUST_320,Aanya Pandey,30,173117,36,2,1
CUST_321,Krishna Bose,44,99703,38,2,1
CUST_322,Vivaan Menon,43,42076,15,2,1
CUST_323,Arjun Kumar,47,46433,23,1,1
CUST_324,Riya Menon,32,183925,15,1,1
CUST_325,Sneha Patel,37,92227,22,3,1
CUST_326,Tanvi Pandey,41,108344,26,4,1
CUST_327,Arjun Reddy,40,62153,20,3,1
CUST_328,Riya Singh,41,43328,25,4,1
CUST_329,Sneha Pillai,32,40851,25,4,1
CUST_330,Aarav Bose,41,102178,14,1,1
CUST_331,Krishna Bose,47,53870,32,2,1
CUST_332,Ananya Patel,47,176945,15,4,1
CUST_333,Krishna Bose,41,40372,36,1,1
CUST_334,Ishita Verma,31,49064,20,3,1
CUST_335,Aryan Agarwal,45,70745,11,3,1
CUST_336,Rohit Ghosh,37,164865,17,2,1
CUST_337,Arjun Bose,33,126086,39,1,1
CUST_338,Vivaan Nair,40,167614,26,3,1
CUST_339,Riya Das,49,108783,27,2,1
CUST_340,Aditya Chopra,41,92960,14,2,1
CUST_341,Sneha Pillai,33,164092,37,4,1
CUST_342,Nikhil Nair,39,34710,20,1,1
CUST_343,Aanya Sharma,39,78227,17,2,1
CUST_344,Aarav Ghosh,37,20722,31,1,1
CUST_345,Krishna Iyer,32,98596,22,2,1
CUST_346,Krishna Sharma,33,38816,31,4,1
CUST_347,Aryan Gupta,31,143498,10,4,1
CUST_348,Kavya Bose,36,100744,12,4,1
CUST_349,Ananya Iyer,49,123125,12,3,1
CUST_350,Vivaan Bose,46,141310,36,2,1
CUST_351,Rohit Nair,43,145064,27,1,1
CUST_352,Meera Pillai,49,151028,29,1,1
CUST_353,Nikhil Ghosh,47,78811,10,2,1
CUST_354,Ananya Menon,30,30417,35,1,1
CUST_355,Meera Joshi,49,176033,36,3,1
CUST_356,Aanya Bose,38,49681,10,1,1
CUST_357,Tanvi Pillai,31,49540,18,1,1
CUST_358,Riya Kumar,33,93532,20,4,1
CUST_359,Ananya Pillai,48,64812,12,4,1
CUST_360,Tanvi Verma,48,123946,22,4,1
CUST_361,Meera Chopra,51,420462,7,3,2
CUST_362,Rohit Agarwal,70,469956,5,2,2
CUST_363,Aryan Singh,48,1947734,4,3,2
CUST_364,Arjun Das,62,587699,8,1,2
CUST_365,Saanvi Kumar,60,293330,7,2,2
CUST_366,Arjun Gupta,72,1489709,9,3,2
CUST_367,Krishna Joshi,48,1574073,3,1,2
CUST_368,Kavya Pillai,45,1198082,8,3,2
CUST_369,Sneha Patel,52,1393918,4,2,2
CUST_370,Diya Joshi,73,744279,8,2,2
CUST_371,Aarav Reddy,48,1178754,2,1,2
CUST_372,Vivaan Verma,61,337686,5,3,2
CUST_373,Sneha Bose,57,1155230,5,2,2
CUST_374,Aditya Reddy,53,249976,9,2,2
CUST_375,Meera Das,50,1767399,7,3,2
CUST_376,Ananya Reddy,50,1595796,4,3,2
CUST_377,Sneha Patel,63,814741,4,2,2
CUST_378,Aryan Joshi,63,245475,9,1,2
CUST_379,Sneha Pandey,57,1342102,2,2,2
CUST_380,Rohan Menon,74,868516,9,3,2
CUST_381,Vihaan Kumar,63,1731064,6,3,2
CUST_382,Riya Naidu,60,1668919,6,1,2
CUST_383,Aarav Gupta,66,1513428,8,1,2
CUST_384,Krishna Chopra,60,1620858,7,3,2
CUST_385,Aanya Patel,54,1645065,2,3,2
CUST_386,Sneha Pandey,74,1388360,1,3,2
CUST_387,Krishna Das,54,1013560,1,3,2
CUST_388,Sneha Kumar,69,451514,5,1,2
CUST_389,Vihaan Agarwal,50,984192,9,3,2
CUST_390,Ishita Sharma,48,1282448,9,3,2
CUST_391,Diya Reddy,68,1632769,8,3,2
CUST_392,Meera Joshi,51,1447098,6,1,2
CUST_393,Ananya Joshi,59,1314518,7,1,2
CUST_394,Aryan Ghosh,74,1771128,1,2,2
CUST_395,Aanya Pandey,71,790504,9,1,2
CUST_396,Aarav Reddy,50,892485,4,1,2
CUST_397,Aditya Pillai,47,1153680,1,3,2
CUST_398,Rohan Pillai,57,1545718,1,1,2
CUST_399,Rohit Agarwal,47,537369,4,2,2
CUST_400,Ananya Nair,61,1450130,4,3,2
CUST_401,Ishita Menon,52,990605,1,2,2
CUST_402,Aanya Naidu,46,892924,7,3,2
CUST_403,Aryan Ghosh,73,1203346,6,1,2
CUST_404,Aarav Nair,45,1223920,8,3,2
CUST_405,Diya Bose,65,1922560,5,3,2
CUST_406,Krishna Iyer,60,1642181,8,1,2
CUST_407,Tanvi Reddy,60,1053823,3,3,2
CUST_408,Krishna Chopra,56,908175,9,3,2
CUST_409,Kavya Iyer,48,325355,7,2,2
CUST_410,Krishna Nair,68,219477,3,1,2
CUST_411,Tanvi Ghosh,49,589959,7,2,2
CUST_412,Meera Naidu,68,1224374,3,2,2
CUST_413,Aryan Ghosh,60,1597330,3,2,2
CUST_414,Riya Das,64,1023759,8,1,2
CUST_415,Kavya Naidu,61,1335627,5,3,2
CUST_416,Saanvi Ghosh,49,347595,1,2,2
CUST_417,Aarav Verma,45,1765188,9,2,2
CUST_418,Arjun Nair,49,463031,1,2,2
CUST_419,Aditya Joshi,62,842927,9,3,2
CUST_420,Ishita Das,66,1633466,2,2,2
CUST_421,Kavya Bose,59,601062,4,1,2
CUST_422,Ananya Pandey,57,1032595,6,3,2
CUST_423,Tanvi Sharma,59,1323853,7,3,2
CUST_424,Meera Das,66,322332,8,1,2
CUST_425,Rohan Reddy,68,1722494,9,1,2
CUST_426,Aryan Mehta,52,714265,1,2,2
CUST_427,Aditya Pillai,50,295556,9,1,2
CUST_428,Diya Verma,62,852755,9,1,2
CUST_429,Kavya Agarwal,71,943088,7,3,2
CUST_430,Aanya Ghosh,47,1294409,2,1,2
CUST_431,Meera Kumar,47,1614657,8,2,2
CUST_432,Aanya Verma,50,1383765,7,3,2
CUST_433,Aanya Das,71,1867740,6,3,2
CUST_434,Ishita Nair,53,1360117,4,3,2
CUST_435,Aanya Das,64,1481506,2,2,2
CUST_436,Aanya Das,65,968917,3,2,2
CUST_437,Sneha Agarwal,59,987738,9,1,2
CUST_438,Vivaan Iyer,60,461445,9,3,2
CUST_439,Arjun Reddy,48,254330,2,1,2
CUST_440,Riya Menon,48,1775506,9,2,2
CUST_441,Aarav Pillai,65,1919374,6,3,2
CUST_442,Vihaan Verma,60,1636564,8,2,2
CUST_443,Ananya Menon,48,284381,9,1,2
CUST_444,Kavya Verma,72,393984,1,1,2
CUST_445,Rohit Nair,48,1196358,1,1,2
CUST_446,Riya Kumar,48,1052050,1,2,2
CUST_447,Krishna Nair,48,801160,6,2,2
CUST_448,Aryan Das,61,282289,6,2,2
CUST_449,Rohit Singh,47,1954867,5,3,2
CUST_450,Vihaan Pandey,69,1964622,4,1,2
CUST_451,Nikhil Verma,71,1502600,3,1,2
CUST_452,Tanvi Patel,55,1339752,2,1,2
CUST_453,Krishna Agarwal,52,996710,1,1,2
CUST_454,Aryan Kumar,67,1118638,4,3,2
CUST_455,Saanvi Iyer,45,419128,5,3,2
CUST_456,Krishna Naidu,60,352353,8,3,2
CUST_457,Kavya Sharma,73,1538306,1,3,2
CUST_458,Aarav Gupta,60,605841,7,2,2
CUST_459,Aryan Ghosh,62,1930085,3,3,2
CUST_460,Arjun Mehta,57,837431,3,2,2
CUST_461,Ananya Menon,50,1083520,7,3,2
CUST_462,Meera Kumar,58,626674,1,1,2
CUST_463,Tanvi Nair,73,1928106,9,3,2
CUST_464,Ishita Nair,61,1423451,1,2,2
CUST_465,Riya Menon,49,1660049,8,3,2
CUST_466,Kavya Agarwal,65,1087553,6,2,2
CUST_467,Diya Verma,52,898787,2,3,2
CUST_468,Nikhil Gupta,49,1471118,2,2,2
CUST_469,Nikhil Agarwal,66,508362,9,1,2
CUST_470,Ananya Joshi,48,1870357,7,1,2
CUST_471,Meera Naidu,55,1802357,8,3,2
CUST_472,Diya Ghosh,45,1405046,3,2,2
CUST_473,Vivaan Ghosh,50,1868849,9,1,2
CUST_474,Ishita Iyer,50,1542501,5,1,2
CUST_475,Meera Das,49,1873200,5,2,2
CUST_476,Tanvi Bose,51,1706242,4,3,2
CUST_477,Aryan Gupta,47,975107,5,1,2
CUST_478,Vivaan Singh,48,1250763,8,2,2
CUST_479,Riya Sharma,67,1674620,4,1,2
CUST_480,Diya Bose,57,967286,7,1,2
CUST_481,Riya Singh,48,1834925,1,2,2
CUST_482,Krishna Pillai,70,1071206,1,1,2
CUST_483,Kavya Verma,65,1222780,9,2,2
CUST_484,Rohan Nair,63,1308076,3,3,2
CUST_485,Tanvi Ghosh,66,693992,6,1,2
CUST_486,Vihaan Joshi,54,626070,1,3,2
CUST_487,Arjun Kumar,60,1527042,9,3,2
CUST_488,Vihaan Gupta,66,390920,5,3,2
CUST_489,Meera Verma,57,1271775,4,3,2
CUST_490,Arjun Naidu,60,1762518,1,3,2
CUST_491,Kavya Nair,52,970644,2,1,2
CUST_492,Ananya Agarwal,50,1787819,2,2,2
CUST_493,Tanvi Pillai,66,1720373,1,2,2
CUST_494,Meera Agarwal,61,794557,3,2,2
CUST_495,Aarav Bose,70,1348553,3,2,2
CUST_496,Arjun Agarwal,53,1620827,7,3,2
CUST_497,Sneha Gupta,59,1951797,3,2,2
CUST_498,Rohit Ghosh,59,1776317,8,3,2
CUST_499,Tanvi Kumar,73,994760,1,2,2
CUST_500,Rohan Agarwal,45,1822034,3,2,2
