transaction_id,customer_name,amount,merchant,location,is_fraud
TXN_1,Ananya Chopra,105795,UnknownMerchant,Kolkata,1
TXN_2,Kavya Ghosh,90860,UnknownMerchant,Delhi,1
TXN_3,Sneha Reddy,193694,UnknownMerchant,Hyderabad,1
TXN_4,Vihaan Singh,166820,UnknownMerchant,Delhi,1
TXN_5,Diya Menon,144886,UnknownMerchant,Delhi,1
TXN_6,Vihaan Reddy,96265,UnknownMerchant,Bangalore,1
TXN_7,Meera Naidu,172386,UnknownMerchant,Delhi,1
TXN_8,Nikhil Verma,127194,UnknownMerchant,Chennai,1
TXN_9,Sneha Naidu,177498,UnknownMerchant,Bangalore,1
TXN_10,Nikhil Nair,134131,UnknownMerchant,Mumbai,1
TXN_11,Aanya Pandey,150263,UnknownMerchant,Mumbai,1
TXN_12,Arjun Agarwal,106023,UnknownMerchant,Kolkata,1
TXN_13,Nikhil Iyer,131090,UnknownMerchant,Kolkata,1
TXN_14,Rohan Ghosh,157221,UnknownMerchant,Kolkata,1
TXN_15,Riya Pandey,154820,UnknownMerchant,Bangalore,1
TXN_16,Rohan Patel,90769,UnknownMerchant,Chennai,1
TXN_17,Ishita Joshi,149735,UnknownMerchant,Bangalore,1
TXN_18,Sneha Patel,152955,UnknownMerchant,Bangalore,1
TXN_19,Aarav Gupta,154925,UnknownMerchant,Bangalore,1
TXN_20,Rohan Gupta,157969,UnknownMerchant,Bangalore,1
TXN_21,Vivaan Nair,95311,UnknownMerchant,Delhi,1
TXN_22,Rohan Mehta,193355,UnknownMerchant,Kolkata,1
TXN_23,Arjun Sharma,194724,UnknownMerchant,Kolkata,1
TXN_24,Riya Bose,173104,UnknownMerchant,Hyderabad,1
TXN_25,Diya Singh,143707,UnknownMerchant,Mumbai,1
TXN_26,Aryan Pillai,175305,UnknownMerchant,Kolkata,1
TXN_27,Ishita Pandey,118693,UnknownMerchant,Chennai,1
TXN_28,Tanvi Agarwal,161932,UnknownMerchant,Delhi,1
TXN_29,Aditya Joshi,183016,UnknownMerchant,Mumbai,1
TXN_30,Vihaan Bose,196970,UnknownMerchant,Hyderabad,1
TXN_31,Aarav Naidu,115658,UnknownMerchant,Bangalore,1
TXN_32,Aditya Mehta,174478,UnknownMerchant,Hyderabad,1
TXN_33,Rohit Bose,108431,UnknownMerchant,Mumbai,1
TXN_34,Rohit Joshi,92747,UnknownMerchant,Kolkata,1
TXN_35,Nikhil Chopra,149150,UnknownMerchant,Mumbai,1
TXN_36,Arjun Joshi,155725,UnknownMerchant,Delhi,1
TXN_37,Aarav Mehta,174654,UnknownMerchant,Delhi,1
TXN_38,Diya Menon,125773,UnknownMerchant,Chennai,1
TXN_39,Saanvi Agarwal,157435,UnknownMerchant,Bangalore,1
TXN_40,Aditya Bose,146886,UnknownMerchant,Kolkata,1
TXN_41,Arjun Das,116803,LocalShop,Hyderabad,0
TXN_42,Nikhil Ghosh,81551,LocalShop,Mumbai,1
TXN_43,Aryan Pandey,61394,LocalShop,Chennai,1
TXN_44,Aditya Joshi,119092,LocalShop,Mumbai,1
TXN_45,Rohan Mehta,53890,UnknownMerchant,Delhi,0
TXN_46,Ishita Mehta,91606,LocalShop,Kolkata,1
TXN_47,Diya Reddy,60627,LocalShop,Delhi,1
TXN_48,Krishna Iyer,58792,LocalShop,Delhi,1
TXN_49,Krishna Pandey,93001,LocalShop,Delhi,1
TXN_50,Aanya Agarwal,73897,LocalShop,Kolkata,1
TXN_51,Ananya Singh,118148,Amazon,Mumbai,0
TXN_52,Ishita Iyer,73483,LocalShop,Bangalore,0
TXN_53,Vivaan Nair,98555,LocalShop,Mumbai,1
TXN_54,Aanya Kumar,67159,Amazon,Mumbai,0
TXN_55,Sneha Singh,85920,LocalShop,Chennai,1
TXN_56,Aditya Kumar,117121,LocalShop,Kolkata,1
TXN_57,Riya Naidu,119479,LocalShop,Hyderabad,1
TXN_58,Rohit Ghosh,69457,LocalShop,Kolkata,1
TXN_59,Saanvi Ghosh,116557,Flipkart,Chennai,0
TXN_60,Sneha Mehta,102995,UnknownMerchant,Hyderabad,0
TXN_61,Kavya Singh,90757,LocalShop,Chennai,1
TXN_62,Saanvi Reddy,59692,LocalShop,Hyderabad,1
TXN_63,Riya Naidu,95758,UnknownMerchant,Mumbai,0
TXN_64,Rohan Nair,115697,LocalShop,Bangalore,1
TXN_65,Rohit Patel,87065,LocalShop,Delhi,1
TXN_66,Ananya Pandey,82606,UnknownMerchant,Kolkata,0
TXN_67,Aditya Chopra,61534,LocalShop,Hyderabad,1
TXN_68,Saanvi Naidu,90397,LocalShop,Bangalore,1
TXN_69,Vihaan Patel,51016,LocalShop,Chennai,1
TXN_70,Ananya Chopra,105591,LocalShop,Hyderabad,1
TXN_71,Aditya Reddy,73247,LocalShop,Mumbai,1
TXN_72,Sneha Menon,74300,LocalShop,Kolkata,1
TXN_73,Krishna Joshi,59268,LocalShop,Bangalore,1
TXN_74,Saanvi Ghosh,62185,BankTransfer,Bangalore,0
TXN_75,Tanvi Patel,113704,BankTransfer,Hyderabad,0
TXN_76,Saanvi Ghosh,89099,LocalShop,Mumbai,1
TXN_77,Aanya Mehta,58571,LocalShop,Chennai,1
TXN_78,Sneha Verma,88044,LocalShop,Bangalore,1
TXN_79,Krishna Singh,101214,Amazon,Hyderabad,0
TXN_80,Vihaan Naidu,111228,Flipkart,Delhi,0
TXN_81,Arjun Mehta,98984,LocalShop,Kolkata,1
TXN_82,Aditya Pandey,90774,LocalShop,Delhi,1
TXN_83,Diya Patel,52568,Flipkart,Hyderabad,0
TXN_84,Ishita Naidu,112592,BankTransfer,Mumbai,0
TXN_85,Saanvi Pandey,117563,LocalShop,Chennai,1
TXN_86,Krishna Menon,52695,LocalShop,Delhi,1
TXN_87,Diya Agarwal,98190,LocalShop,Mumbai,1
TXN_88,Ananya Chopra,55258,Amazon,Kolkata,0
TXN_89,Aryan Bose,89504,LocalShop,Mumbai,0
TXN_90,Kavya Menon,83159,LocalShop,Kolkata,1
TXN_91,Vihaan Mehta,63986,LocalShop,Mumbai,1
TXN_92,Aditya Mehta,111858,LocalShop,Chennai,1
TXN_93,Arjun Pillai,62666,LocalShop,Hyderabad,1
TXN_94,Aryan Chopra,88660,LocalShop,Chennai,1
TXN_95,Meera Menon,53561,LocalShop,Hyderabad,1
TXN_96,Vivaan Mehta,76854,LocalShop,Delhi,0
TXN_97,Aditya Ghosh,114505,UnknownMerchant,Bangalore,0
TXN_98,Vivaan Agarwal,102251,Zomato,Mumbai,0
TXN_99,Rohan Joshi,72662,LocalShop,Bangalore,1
TXN_100,Vivaan Menon,58392,LocalShop,Mumbai,1
TXN_101,Aditya Chopra,30585,Flipkart,Delhi,0
TXN_102,Tanvi Joshi,52306,Zomato,Hyderabad,0
TXN_103,Kavya Singh,35272,BankTransfer,Hyderabad,0
TXN_104,Krishna Reddy,63385,LocalShop,Chennai,0
TXN_105,Nikhil Pandey,11015,Flipkart,Mumbai,0
TXN_106,Ananya Sharma,24588,Zomato,Mumbai,0
TXN_107,Ananya Chopra,8160,LocalShop,Hyderabad,0
TXN_108,Diya Gupta,27316,Flipkart,Bangalore,0
TXN_109,Kavya Verma,53042,BankTransfer,Kolkata,0
TXN_110,Aanya Das,6960,Zomato,Chennai,0
TXN_111,Vivaan Singh,256,LocalShop,Kolkata,0
TXN_112,Aditya Chopra,23469,LocalShop,Bangalore,0
TXN_113,Arjun Pandey,50686,Flipkart,Kolkata,0
TXN_114,Tanvi Pandey,50065,Zomato,Mumbai,0
TXN_115,Vihaan Mehta,54318,Flipkart,Kolkata,0
TXN_116,Sneha Singh,18191,BankTransfer,Bangalore,0
TXN_117,Sneha Joshi,56094,Flipkart,Hyderabad,0
TXN_118,Vivaan Kumar,67264,Amazon,Hyderabad,0
TXN_119,Diya Menon,33877,Amazon,Delhi,0
TXN_120,Diya Naidu,55870,Amazon,Delhi,0
TXN_121,Vihaan Bose,62673,LocalShop,Mumbai,0
TXN_122,Ananya Das,22349,Flipkart,Delhi,0
TXN_123,Saanvi Menon,43635,Flipkart,Delhi,0
TXN_124,Rohan Naidu,64094,Flipkart,Hyderabad,0
TXN_125,Ishita Pillai,42607,LocalShop,Chennai,0
TXN_126,Ishita Chopra,49130,Amazon,Hyderabad,0
TXN_127,Riya Gupta,2743,BankTransfer,Bangalore,0
TXN_128,Ananya Ghosh,69213,LocalShop,Delhi,0
TXN_129,Saanvi Naidu,25989,Amazon,Hyderabad,0
TXN_130,Rohan Joshi,48975,BankTransfer,Bangalore,0
TXN_131,Krishna Pandey,42991,Amazon,Delhi,0
TXN_132,Nikhil Kumar,21884,BankTransfer,Kolkata,0
TXN_133,Aanya Menon,18097,Zomato,Hyderabad,0
TXN_134,Vivaan Nair,26155,Zomato,Delhi,0
TXN_135,Vihaan Verma,15757,BankTransfer,Kolkata,0
TXN_136,Ananya Pillai,22026,LocalShop,Mumbai,0
TXN_137,Arjun Pandey,44312,Amazon,Delhi,0
TXN_138,Arjun Chopra,23826,BankTransfer,Mumbai,0
TXN_139,Aditya Kumar,30130,Flipkart,Mumbai,0
TXN_140,Meera Naidu,66892,BankTransfer,Hyderabad,0
TXN_141,Krishna Singh,61423,Zomato,Chennai,0
TXN_142,Nikhil Reddy,6826,Zomato,Bangalore,0
TXN_143,Ishita Naidu,55066,Amazon,Chennai,0
TXN_144,Ananya Sharma,9524,LocalShop,Bangalore,0
TXN_145,Nikhil Patel,58103,BankTransfer,Mumbai,0
TXN_146,Aryan Pandey,22009,Flipkart,Chennai,0
TXN_147,Ananya Das,5580,Amazon,Kolkata,0
TXN_148,Aryan Reddy,3798,Amazon,Delhi,0
TXN_149,Ananya Das,13595,LocalShop,Bangalore,0
TXN_150,Aarav Mehta,66249,LocalShop,Hyderabad,0
TXN_151,Arjun Mehta,34816,LocalShop,Delhi,0
TXN_152,Vivaan Singh,61137,Amazon,Kolkata,0
TXN_153,Vihaan Chopra,68890,Flipkart,Delhi,0
TXN_154,Riya Singh,54434,LocalShop,Bangalore,0
TXN_155,Riya Naidu,51055,Zomato,Hyderabad,0
TXN_156,Sneha Sharma,46626,Amazon,Hyderabad,0
TXN_157,Aditya Sharma,39403,Amazon,Mumbai,0
TXN_158,Meera Gupta,62053,Flipkart,Kolkata,0
TXN_159,Vivaan Pillai,52783,BankTransfer,Bangalore,0
TXN_160,Sneha Pandey,65368,Zomato,Delhi,0
TXN_161,Nikhil Iyer,23714,Amazon,Kolkata,0
TXN_162,Rohan Das,67222,Zomato,Hyderabad,0
TXN_163,Rohan Iyer,26786,BankTransfer,Kolkata,0
TXN_164,Vihaan Das,904,Amazon,Mumbai,0
TXN_165,Nikhil Menon,38673,Zomato,Delhi,0
TXN_166,Saanvi Reddy,7442,Flipkart,Hyderabad,0
TXN_167,Arjun Verma,55730,Flipkart,Kolkata,0
TXN_168,Sneha Pillai,46767,LocalShop,Delhi,0
TXN_169,Aarav Pandey,50909,Zomato,Mumbai,0
TXN_170,Rohit Das,26359,BankTransfer,Mumbai,0
TXN_171,Vivaan Chopra,63784,BankTransfer,Bangalore,0
TXN_172,Nikhil Sharma,52712,BankTransfer,Chennai,0
TXN_173,Sneha Agarwal,12738,LocalShop,Kolkata,0
TXN_174,Ishita Ghosh,25392,Flipkart,Kolkata,0
TXN_175,Nikhil Kumar,37207,Amazon,Hyderabad,0
TXN_176,Aditya Pandey,67913,Zomato,Delhi,0
TXN_177,Ananya Reddy,52133,Amazon,Bangalore,0
TXN_178,Krishna Pillai,65783,Flipkart,Delhi,0
TXN_179,Krishna Pandey,34748,Zomato,Hyderabad,0
TXN_180,Tanvi Sharma,22721,BankTransfer,Hyderabad,0
TXN_181,Aryan Verma,25234,LocalShop,Chennai,0
TXN_182,Vihaan Joshi,42157,Amazon,Kolkata,0
TXN_183,Ananya Nair,51713,Zomato,Bangalore,0
TXN_184,Aarav Agarwal,15758,LocalShop,Mumbai,0
TXN_185,Aditya Agarwal,49861,Zomato,Hyderabad,0
TXN_186,Ishita Iyer,2861,LocalShop,Bangalore,0
TXN_187,Rohit Mehta,56300,Flipkart,Kolkata,0
TXN_188,Vivaan Patel,34804,BankTransfer,Kolkata,0
TXN_189,Ananya Pillai,11461,LocalShop,Delhi,0
TXN_190,Kavya Kumar,2961,BankTransfer,Chennai,0
TXN_191,Saanvi Verma,67320,Flipkart,Kolkata,0
TXN_192,Diya Singh,8730,Amazon,Delhi,0
TXN_193,Aditya Naidu,11161,Zomato,Mumbai,0
TXN_194,Vihaan Chopra,37554,LocalShop,Kolkata,0
TXN_195,Aanya Patel,1852,Flipkart,Kolkata,0
TXN_196,Aanya Patel,8205,LocalShop,Chennai,0
TXN_197,Kavya Chopra,39434,Zomato,Delhi,0
TXN_198,Krishna Joshi,47304,Amazon,Delhi,0
TXN_199,Tanvi Verma,21968,Zomato,Bangalore,0
TXN_200,Meera Patel,60763,Zomato,Chennai,0
TXN_201,Aanya Chopra,30356,Amazon,Mumbai,0
TXN_202,Ananya Patel,16696,Amazon,Mumbai,0
TXN_203,Kavya Nair,46893,LocalShop,Bangalore,0
TXN_204,Arjun Agarwal,16421,BankTransfer,Hyderabad,0
TXN_205,Nikhil Joshi,2099,BankTransfer,Bangalore,0
TXN_206,Saanvi Joshi,31666,Amazon,Delhi,0
TXN_207,Kavya Kumar,20982,Amazon,Chennai,0
TXN_208,Riya Verma,29905,BankTransfer,Delhi,0
TXN_209,Ananya Pandey,61484,BankTransfer,Hyderabad,0
TXN_210,Meera Reddy,43066,Zomato,Bangalore,0
TXN_211,Nikhil Reddy,7450,Amazon,Chennai,0
TXN_212,Nikhil Menon,42692,LocalShop,Bangalore,0
TXN_213,Diya Pillai,15201,Amazon,Kolkata,0
TXN_214,Rohan Mehta,51457,BankTransfer,Mumbai,0
TXN_215,Arjun Reddy,66740,BankTransfer,Hyderabad,0
TXN_216,Kavya Chopra,4549,Flipkart,Kolkata,0
TXN_217,Rohan Naidu,6345,LocalShop,Mumbai,0
TXN_218,Sneha Bose,59090,Flipkart,Chennai,0
TXN_219,Diya Naidu,12233,Zomato,Chennai,0
TXN_220,Ananya Naidu,29349,LocalShop,Mumbai,0
TXN_221,Vihaan Agarwal,12924,Amazon,Mumbai,0
TXN_222,Sneha Bose,32761,LocalShop,Chennai,0
TXN_223,Meera Patel,5589,LocalShop,Chennai,0
TXN_224,Aditya Joshi,53401,LocalShop,Delhi,0
TXN_225,Ananya Pandey,61317,Zomato,Chennai,0
TXN_226,Diya Sharma,48404,Flipkart,Kolkata,0
TXN_227,Vivaan Menon,2607,LocalShop,Hyderabad,0
TXN_228,Saanvi Patel,38410,BankTransfer,Mumbai,0
TXN_229,Vivaan Reddy,2250,LocalShop,Delhi,0
TXN_230,Ishita Agarwal,68547,Flipkart,Chennai,0
TXN_231,Ananya Joshi,47025,Amazon,Bangalore,0
TXN_232,Rohit Patel,21407,Zomato,Hyderabad,0
TXN_233,Sneha Singh,2919,LocalShop,Chennai,0
TXN_234,Saanvi Agarwal,61185,LocalShop,Chennai,0
TXN_235,Ananya Naidu,50158,LocalShop,Kolkata,0
TXN_236,Aditya Ghosh,38517,BankTransfer,Mumbai,0
TXN_237,Vivaan Pandey,23378,Zomato,Chennai,0
TXN_238,Ananya Joshi,4037,BankTransfer,Kolkata,0
TXN_239,Kavya Nair,58921,Flipkart,Bangalore,0
TXN_240,Ishita Iyer,22449,Zomato,Mumbai,0
TXN_241,Aarav Kumar,46264,LocalShop,Chennai,0
TXN_242,Riya Pandey,44114,Zomato,Kolkata,0
TXN_243,Aryan Pillai,40868,LocalShop,Hyderabad,0
TXN_244,Arjun Nair,45575,Flipkart,Chennai,0
TXN_245,Meera Naidu,19880,LocalShop,Chennai,0
TXN_246,Aanya Menon,17479,LocalShop,Chennai,0
TXN_247,Rohan Verma,6943,Amazon,Hyderabad,0
TXN_248,Aanya Iyer,47383,Flipkart,Hyderabad,0
TXN_249,Vivaan Reddy,3486,BankTransfer,Mumbai,0
TXN_250,Saanvi Kumar,5945,BankTransfer,Delhi,0
TXN_251,Saanvi Reddy,19788,LocalShop,Kolkata,0
TXN_252,Kavya Agarwal,30796,Flipkart,Bangalore,0
TXN_253,Aditya Pillai,49427,Zomato,Kolkata,0
TXN_254,Tanvi Chopra,48454,Amazon,Bangalore,0
TXN_255,Rohan Kumar,54095,LocalShop,Mumbai,0
TXN_256,Diya Agarwal,39840,Zomato,Mumbai,0
TXN_257,Krishna Das,5650,Zomato,Kolkata,0
TXN_258,Arjun Gupta,40814,Flipkart,Kolkata,0
TXN_259,Vivaan Das,45764,LocalShop,Bangalore,0
TXN_260,Riya Sharma,56885,Amazon,Bangalore,0
TXN_261,Ananya Pillai,56541,BankTransfer,Bangalore,0
TXN_262,Rohit Agarwal,18639,BankTransfer,Bangalore,0
TXN_263,Saanvi Pillai,43534,BankTransfer,Hyderabad,0
TXN_264,Vivaan Menon,36262,LocalShop,Hyderabad,0
TXN_265,Aditya Reddy,43575,Amazon,Chennai,0
TXN_266,Rohan Joshi,47252,BankTransfer,Hyderabad,0
TXN_267,Riya Pandey,32685,Amazon,Delhi,0
TXN_268,Nikhil Bose,63258,Flipkart,Kolkata,0
TXN_269,Rohit Reddy,33878,Zomato,Mumbai,0
TXN_270,Vivaan Mehta,18761,BankTransfer,Delhi,0
TXN_271,Aditya Naidu,3470,BankTransfer,Kolkata,0
TXN_272,Saanvi Pandey,351,LocalShop,Chennai,0
TXN_273,Ananya Singh,45286,LocalShop,Delhi,0
TXN_274,Tanvi Ghosh,66285,Amazon,Delhi,0
TXN_275,Diya Singh,54290,Zomato,Mumbai,0
TXN_276,Nikhil Pandey,65776,BankTransfer,Kolkata,0
TXN_277,Vihaan Iyer,10542,BankTransfer,Hyderabad,0
TXN_278,Krishna Singh,6152,BankTransfer,Kolkata,0
TXN_279,Rohan Kumar,50386,BankTransfer,Mumbai,0
TXN_280,Diya Mehta,26691,LocalShop,Chennai,0
TXN_281,Ishita Agarwal,34634,LocalShop,Bangalore,0
TXN_282,Krishna Chopra,32795,BankTransfer,Kolkata,0
TXN_283,Aditya Nair,23143,BankTransfer,Mumbai,0
TXN_284,Aanya Pillai,66155,Zomato,Delhi,0
TXN_285,Meera Singh,51935,LocalShop,Delhi,0
TXN_286,Rohan Menon,36681,Zomato,Bangalore,0
TXN_287,Tanvi Reddy,4064,Amazon,Delhi,0
TXN_288,Krishna Kumar,11143,Flipkart,Chennai,0
TXN_289,Rohit Ghosh,18120,Zomato,Chennai,0
TXN_290,Vivaan Kumar,35827,LocalShop,Mumbai,0
TXN_291,Sneha Menon,57008,BankTransfer,Bangalore,0
TXN_292,Kavya Ghosh,10779,Zomato,Bangalore,0
TXN_293,Vihaan Sharma,45067,Amazon,Bangalore,0
TXN_294,Aditya Patel,66370,LocalShop,Chennai,0
TXN_295,Rohit Nair,27801,Amazon,Chennai,0
TXN_296,Aanya Ghosh,54798,Amazon,Kolkata,0
TXN_297,Nikhil Menon,5851,Amazon,Delhi,0
TXN_298,Aarav Verma,19240,Zomato,Kolkata,0
TXN_299,Tanvi Chopra,49739,Amazon,Kolkata,0
TXN_300,Rohan Verma,51043,Flipkart,Kolkata,0
TXN_301,Ishita Joshi,29642,Flipkart,Hyderabad,0
TXN_302,Rohan Naidu,10697,Flipkart,Hyderabad,0
TXN_303,Aditya Patel,8766,Flipkart,Chennai,0
TXN_304,Diya Naidu,2418,BankTransfer,Bangalore,0
TXN_305,Nikhil Verma,6705,LocalShop,Mumbai,0
TXN_306,Saanvi Gupta,55816,LocalShop,Kolkata,0
TXN_307,Kavya Menon,13453,Flipkart,Mumbai,0
TXN_308,Vivaan Mehta,32147,LocalShop,Bangalore,0
TXN_309,Kavya Agarwal,11016,Amazon,Kolkata,0
TXN_310,Aryan Singh,52971,BankTransfer,Mumbai,0
TXN_311,Ananya Pandey,49776,LocalShop,Hyderabad,0
TXN_312,Tanvi Iyer,50350,LocalShop,Bangalore,0
TXN_313,Kavya Das,22727,Amazon,Kolkata,0
TXN_314,Saanvi Iyer,55659,Flipkart,Mumbai,0
TXN_315,Meera Naidu,56711,Zomato,Kolkata,0
TXN_316,Ishita Singh,31074,Amazon,Hyderabad,0
TXN_317,Arjun Patel,53056,Amazon,Hyderabad,0
TXN_318,Rohan Joshi,15388,Flipkart,Chennai,0
TXN_319,Sneha Bose,68077,Zomato,Mumbai,0
TXN_320,Ishita Kumar,19558,LocalShop,Delhi,0
TXN_321,Kavya Ghosh,3101,Zomato,Kolkata,0
TXN_322,Kavya Gupta,48797,LocalShop,Hyderabad,0
TXN_323,Diya Verma,54071,Zomato,Hyderabad,0
TXN_324,Krishna Naidu,66462,LocalShop,Hyderabad,0
TXN_325,Riya Chopra,58385,LocalShop,Hyderabad,0
TXN_326,Riya Sharma,56229,Amazon,Chennai,0
TXN_327,Aditya Joshi,32143,Zomato,Bangalore,0
TXN_328,Krishna Naidu,69728,BankTransfer,Mumbai,0
TXN_329,Ishita Gupta,39784,Zomato,Hyderabad,0
TXN_330,Rohit Agarwal,17069,BankTransfer,Delhi,0
TXN_331,Vihaan Patel,28301,Flipkart,Chennai,0
TXN_332,Rohan Verma,25995,Amazon,Mumbai,0
TXN_333,Sneha Verma,32267,Zomato,Delhi,0
TXN_334,Rohan Pillai,8358,Flipkart,Chennai,0
TXN_335,Aarav Iyer,5999,Flipkart,Hyderabad,0
TXN_336,Nikhil Singh,52040,LocalShop,Bangalore,0
TXN_337,Meera Agarwal,1200,BankTransfer,Mumbai,0
TXN_338,Aryan Agarwal,66667,BankTransfer,Bangalore,0
TXN_339,Vihaan Joshi,16946,LocalShop,Mumbai,0
TXN_340,Vihaan Ghosh,46225,LocalShop,Kolkata,0
TXN_341,Tanvi Gupta,7855,BankTransfer,Kolkata,0
TXN_342,Ananya Pillai,5287,Flipkart,Hyderabad,0
TXN_343,Rohan Reddy,20106,Flipkart,Bangalore,0
TXN_344,Aryan Pandey,45593,Zomato,Mumbai,0
TXN_345,Saanvi Pillai,56606,Flipkart,Chennai,0
TXN_346,Meera Menon,3393,LocalShop,Hyderabad,0
TXN_347,Sneha Iyer,13550,Amazon,Chennai,0
TXN_348,Vivaan Iyer,53272,Amazon,Bangalore,0
TXN_349,Aryan Agarwal,29425,Flipkart,Mumbai,0
TXN_350,Kavya Pillai,9712,LocalShop,Hyderabad,0
TXN_351,Ananya Singh,17014,BankTransfer,Kolkata,0
TXN_352,Aanya Menon,59688,LocalShop,Bangalore,0
TXN_353,Krishna Joshi,67265,LocalShop,Bangalore,0
TXN_354,Krishna Patel,69092,LocalShop,Bangalore,0
TXN_355,Vihaan Patel,13334,Flipkart,Delhi,0
TXN_356,Vivaan Mehta,61439,BankTransfer,Delhi,0
TXN_357,Riya Pandey,9485,Flipkart,Chennai,0
TXN_358,Saanvi Singh,54390,Amazon,Chennai,0
TXN_359,Sneha Pandey,44128,Flipkart,Hyderabad,0
TXN_360,Vivaan Mehta,51343,Zomato,Mumbai,0
TXN_361,Sneha Mehta,60453,LocalShop,Hyderabad,0
TXN_362,Diya Joshi,29174,LocalShop,Hyderabad,0
TXN_363,Sneha Chopra,43969,BankTransfer,Delhi,0
TXN_364,Rohit Mehta,35297,BankTransfer,Delhi,0
TXN_365,Krishna Pandey,62802,Zomato,Hyderabad,0
TXN_366,Tanvi Verma,56623,Zomato,Hyderabad,0
TXN_367,Rohit Chopra,59151,Amazon,Kolkata,0
TXN_368,Riya Sharma,26696,LocalShop,Hyderabad,0
TXN_369,Ananya Mehta,23099,Flipkart,Bangalore,0
TXN_370,Arjun Bose,68435,Amazon,Kolkata,0
TXN_371,Rohit Chopra,40208,Flipkart,Chennai,0
TXN_372,Aarav Menon,65467,Amazon,Bangalore,0
TXN_373,Riya Nair,23339,Zomato,Chennai,0
TXN_374,Rohit Ghosh,9873,Amazon,Bangalore,0
TXN_375,Ishita Patel,60210,Amazon,Mumbai,0
TXN_376,Rohit Verma,42025,Flipkart,Kolkata,0
TXN_377,Diya Pandey,9590,BankTransfer,Kolkata,0
TXN_378,Sneha Joshi,16414,Zomato,Kolkata,0
TXN_379,Vivaan Das,4661,BankTransfer,Kolkata,0
TXN_380,Vihaan Ghosh,27713,LocalShop,Mumbai,0
TXN_381,Arjun Gupta,52041,BankTransfer,Mumbai,0
TXN_382,Aarav Naidu,57729,Flipkart,Mumbai,0
TXN_383,Kavya Bose,31027,Amazon,Hyderabad,0
TXN_384,Vivaan Bose,49165,Zomato,Hyderabad,0
TXN_385,Aanya Bose,60940,Zomato,Hyderabad,0
TXN_386,Krishna Menon,66437,BankTransfer,Mumbai,0
TXN_387,Riya Patel,18121,Zomato,Kolkata,0
TXN_388,Vivaan Pandey,59325,Zomato,Chennai,0
TXN_389,Aanya Pillai,11988,BankTransfer,Chennai,0
TXN_390,Kavya Verma,35245,BankTransfer,Kolkata,0
TXN_391,Krishna Joshi,4050,Amazon,Mumbai,0
TXN_392,Kavya Kumar,38354,LocalShop,Delhi,0
TXN_393,Saanvi Pillai,69499,Zomato,Kolkata,0
TXN_394,Kavya Pillai,20814,Flipkart,Kolkata,0
TXN_395,Ananya Nair,38544,Flipkart,Mumbai,0
TXN_396,Sneha Verma,3423,Flipkart,Kolkata,0
TXN_397,Aanya Das,12211,Zomato,Mumbai,0
TXN_398,Meera Pillai,27400,LocalShop,Bangalore,0
TXN_399,Rohan Das,25401,Flipkart,Hyderabad,0
TXN_400,Rohan Chopra,15355,Zomato,Kolkata,0
TXN_401,Aanya Verma,66003,LocalShop,Bangalore,0
TXN_402,Kavya Verma,57508,LocalShop,Delhi,0
TXN_403,Ananya Pillai,20408,Amazon,Bangalore,0
TXN_404,Meera Chopra,3317,BankTransfer,Kolkata,0
TXN_405,Arjun Ghosh,38563,Zomato,Kolkata,0
TXN_406,Tanvi Joshi,26142,Zomato,Bangalore,0
TXN_407,Aryan Agarwal,11388,LocalShop,Chennai,0
TXN_408,Vivaan Chopra,462,BankTransfer,Delhi,0
TXN_409,Vihaan Chopra,7593,Amazon,Kolkata,0
TXN_410,Aditya Agarwal,33546,LocalShop,Kolkata,0
TXN_411,Saanvi Nair,60742,Zomato,Delhi,0
TXN_412,Riya Gupta,44475,BankTransfer,Bangalore,0
TXN_413,Aanya Pillai,38806,Flipkart,Bangalore,0
TXN_414,Meera Pillai,18938,Flipkart,Bangalore,0
TXN_415,Meera Singh,35785,Zomato,Chennai,0
TXN_416,Arjun Menon,47345,Zomato,Chennai,0
TXN_417,Rohit Das,18005,BankTransfer,Hyderabad,0
TXN_418,Ishita Patel,37891,Flipkart,Hyderabad,0
TXN_419,Krishna Das,65560,LocalShop,Chennai,0
TXN_420,Ishita Patel,34961,Amazon,Delhi,0
TXN_421,Arjun Bose,59081,Amazon,Kolkata,0
TXN_422,Kavya Verma,7407,LocalShop,Delhi,0
TXN_423,Arjun Singh,32529,Amazon,Mumbai,0
TXN_424,Aarav Pillai,61526,LocalShop,Bangalore,0
TXN_425,Diya Bose,44861,Amazon,Bangalore,0
TXN_426,Riya Verma,36258,Flipkart,Kolkata,0
TXN_427,Aanya Chopra,20200,Flipkart,Kolkata,0
TXN_428,Kavya Chopra,43336,Zomato,Mumbai,0
TXN_429,Vihaan Reddy,68500,Zomato,Delhi,0
TXN_430,Rohit Das,21402,Zomato,Chennai,0
TXN_431,Tanvi Patel,55119,Amazon,Chennai,0
TXN_432,Diya Bose,14447,Flipkart,Delhi,0
TXN_433,Diya Patel,41605,LocalShop,Kolkata,0
TXN_434,Aryan Verma,47009,Zomato,Kolkata,0
TXN_435,Diya Chopra,778,Flipkart,Bangalore,0
TXN_436,Vihaan Sharma,50567,Amazon,Kolkata,0
TXN_437,Rohan Ghosh,66284,Amazon,Delhi,0
TXN_438,Sneha Iyer,40004,Flipkart,Bangalore,0
TXN_439,Kavya Chopra,47330,Amazon,Mumbai,0
TXN_440,Saanvi Pillai,16829,BankTransfer,Mumbai,0
TXN_441,Krishna Verma,63982,BankTransfer,Kolkata,0
TXN_442,Vivaan Pandey,24516,LocalShop,Delhi,0
TXN_443,Saanvi Nair,36989,Amazon,Kolkata,0
TXN_444,Aanya Iyer,69946,Zomato,Delhi,0
TXN_445,Kavya Kumar,35320,LocalShop,Kolkata,0
TXN_446,Saanvi Nair,59213,Flipkart,Bangalore,0
TXN_447,Diya Sharma,51984,Amazon,Mumbai,0
TXN_448,Kavya Chopra,64945,LocalShop,Delhi,0
TXN_449,Rohit Gupta,32357,Amazon,Delhi,0
TXN_450,Diya Menon,54148,Zomato,Chennai,0
TXN_451,Aryan Bose,60971,Zomato,Mumbai,0
TXN_452,Krishna Mehta,5536,LocalShop,Mumbai,0
TXN_453,Aditya Joshi,8385,Flipkart,Delhi,0
TXN_454,Arjun Kumar,11180,BankTransfer,Hyderabad,0
TXN_455,Vivaan Verma,60616,Amazon,Hyderabad,0
TXN_456,Kavya Das,66753,Flipkart,Bangalore,0
TXN_457,Aarav Nair,27242,Zomato,Kolkata,0
TXN_458,Aryan Das,1112,Flipkart,Kolkata,0
TXN_459,Saanvi Nair,21595,Flipkart,Bangalore,0
TXN_460,Kavya Chopra,21739,BankTransfer,Kolkata,0
TXN_461,Rohit Ghosh,11224,LocalShop,Mumbai,0
TXN_462,Aarav Nair,9398,Amazon,Delhi,0
TXN_463,Ananya Das,23764,Flipkart,Delhi,0
TXN_464,Vihaan Iyer,38152,BankTransfer,Kolkata,0
TXN_465,Saanvi Chopra,6851,LocalShop,Chennai,0
TXN_466,Diya Joshi,48186,LocalShop,Chennai,0
TXN_467,Krishna Chopra,23675,Flipkart,Mumbai,0
TXN_468,Arjun Chopra,44311,Zomato,Kolkata,0
TXN_469,Ananya Menon,1592,Amazon,Mumbai,0
TXN_470,Ishita Das,21727,BankTransfer,Hyderabad,0
TXN_471,Vivaan Verma,46782,BankTransfer,Kolkata,0
TXN_472,Vivaan Naidu,50393,BankTransfer,Chennai,0
TXN_473,Sneha Agarwal,39131,Amazon,Kolkata,0
TXN_474,Nikhil Pillai,62906,Zomato,Mumbai,0
TXN_475,Riya Pillai,19115,BankTransfer,Hyderabad,0
TXN_476,Aanya Das,54743,BankTransfer,Mumbai,0
TXN_477,Sneha Reddy,27012,LocalShop,Chennai,0
TXN_478,Krishna Naidu,28345,Amazon,Mumbai,0
TXN_479,Krishna Agarwal,13857,LocalShop,Bangalore,0
TXN_480,Aditya Ghosh,42398,Amazon,Mumbai,0
TXN_481,Arjun Patel,26482,LocalShop,Kolkata,0
TXN_482,Tanvi Pandey,57904,BankTransfer,Delhi,0
TXN_483,Aanya Ghosh,40312,BankTransfer,Delhi,0
TXN_484,Tanvi Singh,37130,Zomato,Chennai,0
TXN_485,Diya Mehta,1374,Flipkart,Bangalore,0
TXN_486,Krishna Naidu,35959,BankTransfer,Bangalore,0
TXN_487,Arjun Gupta,19920,Zomato,Hyderabad,0
TXN_488,Rohit Verma,34628,Flipkart,Bangalore,0
TXN_489,Aditya Pandey,26840,Amazon,Delhi,0
TXN_490,Saanvi Patel,25339,BankTransfer,Delhi,0
TXN_491,Saanvi Singh,55179,Amazon,Chennai,0
TXN_492,Krishna Bose,15535,Flipkart,Delhi,0
TXN_493,Saanvi Ghosh,44532,Amazon,Bangalore,0
TXN_494,Vihaan Pillai,4798,BankTransfer,Chennai,0
TXN_495,Saanvi Chopra,9485,BankTransfer,Bangalore,0
TXN_496,Aarav Joshi,3759,LocalShop,Kolkata,0
TXN_497,Meera Sharma,30405,LocalShop,Delhi,0
TXN_498,Aanya Ghosh,55821,BankTransfer,Hyderabad,0
TXN_499,Aditya Patel,57849,BankTransfer,Mumbai,0
TXN_500,Nikhil Agarwal,13166,Zomato,Delhi,0
