loan_id,customer_name,income,loan_amount,term,credit_score,defaulted
LN_1,Rohan Reddy,176542,86321,24,805,0
LN_2,Krishna Gupta,193416,385441,12,800,0
LN_3,Vivaan Pillai,62918,295014,48,793,0
LN_4,Kavya Joshi,72224,206498,24,773,0
LN_5,Rohit Reddy,59298,67772,12,592,0
LN_6,Rohan Bose,100219,444583,36,421,1
LN_7,Ishita Patel,81629,288389,60,519,1
LN_8,Ishita Reddy,86040,101924,12,609,0
LN_9,Nikhil Iyer,48016,578014,36,705,0
LN_10,Saanvi Menon,43960,401296,12,669,0
LN_11,Sneha Patel,53591,77723,60,591,0
LN_12,Rohan Kumar,123333,258786,60,574,0
LN_13,Arjun Sharma,134821,264432,24,684,0
LN_14,Vivaan Sharma,56395,189999,48,603,0
LN_15,Diya Verma,149695,408690,12,563,0
LN_16,Ananya Pandey,173772,129973,12,650,0
LN_17,Krishna Nair,54620,503449,36,626,0
LN_18,Diya Agarwal,148148,337681,60,835,0
LN_19,Vivaan Nair,40559,544509,12,780,0
LN_20,Arjun Sharma,113396,596900,60,406,1
LN_21,Kavya Bose,41732,275049,12,428,1
LN_22,Meera Pandey,111362,318615,24,794,0
LN_23,Aditya Nair,181426,216703,48,432,0
LN_24,Rohit Reddy,33843,81348,12,533,0
LN_25,Riya Naidu,134065,245804,60,766,0
LN_26,Krishna Agarwal,91726,185832,24,478,0
LN_27,Vihaan Verma,37640,344923,12,815,0
LN_28,Rohit Kumar,72528,333780,36,834,0
LN_29,Ananya Kumar,58413,103551,48,457,0
LN_30,Meera Iyer,72638,454772,12,425,1
LN_31,Rohit Iyer,130133,385914,24,829,0
LN_32,Ishita Pandey,126357,470182,36,625,0
LN_33,Aarav Patel,170159,262781,24,684,0
LN_34,Aarav Das,192502,503105,24,403,0
LN_35,Vihaan Verma,175576,598884,36,498,1
LN_36,Ananya Joshi,158186,109182,24,796,0
LN_37,Vivaan Kumar,98859,399307,36,438,1
LN_38,Vihaan Pillai,119657,351454,12,670,0
LN_39,Nikhil Das,162047,368232,36,774,0
LN_40,Kavya Das,31023,189978,36,684,0
LN_41,Nikhil Mehta,41447,521828,48,556,1
LN_42,Meera Reddy,145899,308517,36,474,0
LN_43,Rohit Agarwal,43959,490097,36,771,0
LN_44,Arjun Pandey,86203,358557,12,687,0
LN_45,Vihaan Kumar,139156,187084,48,529,0
LN_46,Ishita Pandey,180775,253502,60,574,0
LN_47,Vihaan Joshi,29337,194539,12,483,1
LN_48,Aditya Naidu,66427,474226,12,421,1
LN_49,Rohan Chopra,81529,571863,60,426,1
LN_50,Kavya Reddy,122023,171999,36,594,0
LN_51,Tanvi Naidu,104665,164793,24,736,0
LN_52,Aarav Agarwal,125787,507373,48,781,0
LN_53,Aanya Chopra,182993,420321,24,635,0
LN_54,Rohit Chopra,53307,62289,60,839,0
LN_55,Sneha Das,178427,307368,12,491,0
LN_56,Saanvi Agarwal,147016,136365,12,420,0
LN_57,Rohit Verma,24835,225211,48,702,0
LN_58,Aanya Pillai,40159,229785,12,756,0
LN_59,Ishita Singh,198677,122588,12,842,0
LN_60,Aarav Bose,141790,113646,48,483,0
LN_61,Aarav Das,125616,315798,48,661,0
LN_62,Tanvi Agarwal,189160,532238,60,546,0
LN_63,Aarav Mehta,98752,169735,12,840,0
LN_64,Aarav Joshi,75284,205683,12,786,0
LN_65,Rohan Iyer,77043,586437,60,656,0
LN_66,Aanya Pandey,186619,412246,36,457,0
LN_67,Ishita Bose,117007,371333,36,779,0
LN_68,Riya Patel,102844,456889,36,821,0
LN_69,Vivaan Nair,47532,261830,60,414,1
LN_70,Aditya Patel,185421,246501,12,561,0
LN_71,Ishita Pandey,142402,466885,60,844,0
LN_72,Nikhil Agarwal,138012,215140,60,562,0
LN_73,Saanvi Reddy,196517,190507,36,719,0
LN_74,Rohit Iyer,156785,275160,24,680,0
LN_75,Krishna Singh,76178,233321,12,679,0
LN_76,Aryan Reddy,69407,571998,36,411,1
LN_77,Rohit Ghosh,70990,125388,24,673,0
LN_78,Vihaan Bose,149473,568727,24,670,0
LN_79,Vivaan Das,78141,282601,48,607,0
LN_80,Rohan Nair,174865,177834,12,426,0
LN_81,Kavya Joshi,76570,84084,24,471,0
LN_82,Kavya Mehta,188964,301459,36,459,0
LN_83,Saanvi Nair,21015,155111,48,829,0
LN_84,Ishita Reddy,81813,499042,12,544,1
LN_85,Aanya Singh,47712,479667,60,492,1
LN_86,Rohit Iyer,120497,212982,36,708,0
LN_87,Vivaan Iyer,159487,348185,24,407,0
LN_88,Diya Naidu,132816,377825,24,478,0
LN_89,Saanvi Mehta,148778,284386,36,426,0
LN_90,Nikhil Iyer,82292,393715,24,573,1
LN_91,Tanvi Agarwal,43833,246553,48,449,1
LN_92,Aanya Naidu,155230,511792,12,598,1
LN_93,Rohan Naidu,40309,551174,48,786,0
LN_94,Meera Iyer,26970,245246,24,748,0
LN_95,Aditya Kumar,92474,296242,60,847,0
LN_96,Rohan Menon,66540,561083,12,827,0
LN_97,Vihaan Gupta,171456,67633,12,580,0
LN_98,Kavya Singh,38017,99104,36,423,0
LN_99,Aditya Das,95880,118388,36,715,0
LN_100,Ananya Joshi,125570,590302,60,777,0
LN_101,Krishna Patel,28702,142578,12,786,0
LN_102,Rohan Nair,151456,335855,60,803,0
LN_103,Diya Sharma,20404,141658,36,445,1
LN_104,Aryan Naidu,192015,107993,36,414,0
LN_105,Tanvi Pillai,198998,255768,12,552,0
LN_106,Ishita Iyer,180261,208285,48,621,0
LN_107,Saanvi Iyer,32763,501000,24,605,0
LN_108,Vivaan Iyer,169456,592015,36,672,0
LN_109,Aarav Patel,118142,578646,36,781,0
LN_110,Ishita Singh,160932,377252,48,635,0
LN_111,Aanya Joshi,100642,307681,48,739,0
LN_112,Ananya Reddy,70612,144018,60,627,0
LN_113,Rohit Ghosh,43574,436601,60,408,1
LN_114,Meera Reddy,43524,344054,24,565,1
LN_115,Aarav Reddy,30916,279104,24,831,0
LN_116,Aanya Naidu,24809,243510,12,843,0
LN_117,Vivaan Reddy,183273,159847,60,718,0
LN_118,Kavya Iyer,164528,494717,36,613,0
LN_119,Vihaan Naidu,141288,504162,60,516,1
LN_120,Vihaan Kumar,58765,346037,36,785,0
LN_121,Rohit Bose,185888,126329,48,743,0
LN_122,Aryan Verma,65106,81007,60,471,0
LN_123,Aarav Joshi,73932,366397,48,794,0
LN_124,Nikhil Kumar,168172,62323,24,463,0
LN_125,Ananya Gupta,77091,162356,24,604,0
LN_126,Diya Nair,41949,254451,12,608,0
LN_127,Meera Naidu,57744,328600,60,471,1
LN_128,Vivaan Patel,196615,104624,48,676,0
LN_129,Sneha Menon,128319,453322,36,673,0
LN_130,Sneha Das,112193,284565,24,719,0
LN_131,Rohan Verma,56187,118008,24,737,0
LN_132,Nikhil Pillai,158311,427539,36,765,0
LN_133,Riya Patel,144454,166492,48,494,0
LN_134,Aditya Nair,34489,122240,48,565,1
LN_135,Aryan Singh,81877,376459,60,431,1
LN_136,Nikhil Gupta,194197,322900,60,410,0
LN_137,Krishna Das,69922,511227,12,700,0
LN_138,Tanvi Sharma,114074,348522,24,616,0
LN_139,Aryan Agarwal,183121,185327,60,688,0
LN_140,Riya Pillai,57131,215575,48,501,1
LN_141,Riya Agarwal,194016,549499,36,824,0
LN_142,Rohit Pandey,135765,543948,48,791,0
LN_143,Kavya Joshi,93963,357257,24,666,0
LN_144,Meera Kumar,126884,279189,48,613,0
LN_145,Aarav Mehta,145917,448465,12,578,1
LN_146,Sneha Das,44285,301051,24,487,1
LN_147,Aarav Nair,57626,561778,36,440,1
LN_148,Vihaan Verma,193880,321830,12,800,0
LN_149,Krishna Agarwal,39198,555629,24,475,1
LN_150,Rohit Das,170830,365507,36,776,0
LN_151,Diya Iyer,35254,409687,12,445,1
LN_152,Ishita Das,64238,225915,12,559,1
LN_153,Meera Pillai,21252,504179,24,479,1
LN_154,Vihaan Das,59764,92828,60,709,0
LN_155,Rohit Joshi,97709,322670,12,485,1
LN_156,Ananya Kumar,188513,75592,12,491,0
LN_157,Diya Das,73682,341126,36,547,1
LN_158,Rohit Mehta,79494,282041,48,560,1
LN_159,Ananya Ghosh,101317,400877,24,601,0
LN_160,Aarav Agarwal,85215,174982,24,823,0
LN_161,Rohit Ghosh,98587,306911,60,815,0
LN_162,Vivaan Ghosh,26949,118619,60,641,0
LN_163,Aanya Verma,75393,358623,24,752,0
LN_164,Tanvi Chopra,158013,551643,60,401,1
LN_165,Diya Verma,45934,201175,36,624,0
LN_166,Vihaan Reddy,174458,220963,24,688,0
LN_167,Vihaan Das,95745,191826,60,632,0
LN_168,Sneha Das,114456,148540,24,813,0
LN_169,Aarav Pandey,73413,236994,48,816,0
LN_170,Riya Sharma,117239,360375,12,476,1
LN_171,Kavya Menon,62318,79301,24,515,0
LN_172,Aanya Singh,90390,272724,12,553,1
LN_173,Kavya Kumar,63088,564003,60,805,0
LN_174,Kavya Patel,123196,243783,12,502,0
LN_175,Aarav Singh,190883,68752,24,593,0
LN_176,Rohit Singh,75479,267029,48,565,1
LN_177,Arjun Pandey,39963,106273,60,758,0
LN_178,Ananya Reddy,75123,308503,24,489,1
LN_179,Ananya Joshi,145911,169968,60,573,0
LN_180,Rohit Iyer,122468,427844,36,521,1
LN_181,Kavya Chopra,93477,60699,12,542,0
LN_182,Kavya Singh,34388,246133,36,505,1
LN_183,Diya Bose,25569,584003,24,774,0
LN_184,Riya Mehta,89836,69169,48,827,0
LN_185,Diya Pillai,124573,568652,60,704,0
LN_186,Sneha Agarwal,187658,168413,12,759,0
LN_187,Ishita Ghosh,163087,317926,60,716,0
LN_188,Diya Joshi,65002,572988,24,522,1
LN_189,Rohan Chopra,157326,174481,60,789,0
LN_190,Vivaan Kumar,168216,265400,12,408,0
LN_191,Aarav Ghosh,175286,228936,24,661,0
LN_192,Aryan Ghosh,157162,442136,60,472,0
LN_193,Vihaan Kumar,162709,498330,48,758,0
LN_194,Sneha Mehta,173487,439954,24,622,0
LN_195,Sneha Das,44071,88067,24,815,0
LN_196,Rohit Iyer,78243,68073,48,440,0
LN_197,Riya Singh,145827,86035,36,769,0
LN_198,Kavya Reddy,128215,246049,12,603,0
LN_199,Ishita Agarwal,192312,283782,36,663,0
LN_200,Kavya Kumar,121570,584670,60,727,0
LN_201,Aditya Mehta,184506,507828,48,577,0
LN_202,Saanvi Sharma,89724,111929,36,747,0
LN_203,Meera Gupta,135359,337313,24,717,0
LN_204,Ishita Reddy,95697,137468,60,483,0
LN_205,Ananya Nair,48732,84594,60,717,0
LN_206,Arjun Sharma,141465,241703,36,510,0
LN_207,Vihaan Joshi,162386,95033,36,650,0
LN_208,Saanvi Bose,175026,123861,48,782,0
LN_209,Diya Bose,77108,343894,12,406,1
LN_210,Riya Joshi,131195,517016,36,483,1
LN_211,Ananya Pillai,123081,128222,36,607,0
LN_212,Aryan Iyer,56668,594897,24,787,0
LN_213,Riya Ghosh,43061,253981,60,789,0
LN_214,Ishita Kumar,99252,154211,12,713,0
LN_215,Saanvi Reddy,59749,236321,24,421,1
LN_216,Vihaan Chopra,150560,492111,48,809,0
LN_217,Aarav Mehta,124680,537689,48,782,0
LN_218,Meera Iyer,167979,506956,36,402,1
LN_219,Aditya Mehta,169849,79984,36,526,0
LN_220,Diya Joshi,71745,55901,48,696,0
LN_221,Diya Reddy,128464,212624,36,587,0
LN_222,Tanvi Reddy,111865,272317,12,761,0
LN_223,Kavya Menon,132428,343199,36,413,0
LN_224,Sneha Verma,43624,195788,60,411,1
LN_225,Aarav Bose,43321,585426,36,486,1
LN_226,Diya Menon,161560,73429,24,411,0
LN_227,Nikhil Kumar,42574,252380,12,796,0
LN_228,Vihaan Iyer,156312,491460,24,424,1
LN_229,Kavya Gupta,194293,295127,24,700,0
LN_230,Aanya Bose,161550,67347,60,642,0
LN_231,Tanvi Pillai,170334,532315,12,521,1
LN_232,Meera Chopra,138831,57967,12,546,0
LN_233,Rohan Das,155504,586159,12,454,1
LN_234,Arjun Patel,115257,275371,12,637,0
LN_235,Aryan Ghosh,84291,258524,12,755,0
LN_236,Tanvi Verma,147600,214685,60,572,0
LN_237,Vivaan Patel,70428,301537,36,791,0
LN_238,Ananya Sharma,151374,429551,24,620,0
LN_239,Nikhil Reddy,151127,521082,12,518,1
LN_240,Rohan Menon,131317,110545,36,708,0
LN_241,Riya Gupta,159789,284555,36,582,0
LN_242,Arjun Sharma,147449,273894,24,687,0
LN_243,Aanya Kumar,48699,352066,60,706,0
LN_244,Rohan Reddy,93686,409177,48,699,0
LN_245,Riya Iyer,87661,416936,48,481,1
LN_246,Rohan Joshi,64247,300497,36,801,0
LN_247,Riya Verma,167820,493057,24,610,0
LN_248,Meera Reddy,125113,535278,48,549,1
LN_249,Tanvi Joshi,24621,206104,36,436,1
LN_250,Diya Agarwal,166106,94936,60,751,0
LN_251,Aryan Agarwal,156198,252056,48,711,0
LN_252,Diya Naidu,156194,275469,36,760,0
LN_253,Vihaan Nair,38030,78141,36,458,0
LN_254,Saanvi Naidu,102838,187478,12,530,0
LN_255,Meera Das,104717,147359,60,811,0
LN_256,Meera Ghosh,58638,204363,12,601,0
LN_257,Vihaan Singh,87067,543158,24,642,0
LN_258,Arjun Reddy,138033,73312,12,434,0
LN_259,Ananya Pillai,125977,477387,12,844,0
LN_260,Nikhil Ghosh,108869,484995,48,492,1
LN_261,Ishita Pillai,125186,550531,36,837,0
LN_262,Vihaan Joshi,54674,546037,60,846,0
LN_263,Krishna Bose,186926,299062,12,606,0
LN_264,Tanvi Verma,66271,458638,60,752,0
LN_265,Rohit Das,93688,485684,12,790,0
LN_266,Riya Chopra,189590,107022,24,731,0
LN_267,Aditya Joshi,131076,383373,12,704,0
LN_268,Vihaan Pandey,161339,149071,48,749,0
LN_269,Rohit Pandey,21062,232268,36,612,0
LN_270,Rohit Menon,70448,408918,24,558,1
LN_271,Vivaan Iyer,115462,539626,12,841,0
LN_272,Saanvi Kumar,157301,338859,60,844,0
LN_273,Diya Gupta,67915,547660,24,423,1
LN_274,Aanya Singh,24632,126373,24,803,0
LN_275,Vihaan Bose,124592,243021,12,692,0
LN_276,Aditya Bose,154668,243718,24,403,0
LN_277,Aanya Singh,129779,113037,60,619,0
LN_278,Sneha Nair,157240,580836,24,763,0
LN_279,Kavya Reddy,128099,284213,60,781,0
LN_280,Aditya Joshi,27561,254366,12,419,1
LN_281,Tanvi Joshi,102152,552420,36,843,0
LN_282,Tanvi Mehta,145036,204249,24,551,0
LN_283,Meera Pandey,144049,336166,36,449,0
LN_284,Saanvi Sharma,46734,272084,60,576,1
LN_285,Sneha Ghosh,157443,539536,24,834,0
LN_286,Krishna Bose,46069,110428,48,495,0
LN_287,Arjun Bose,32910,371497,36,504,1
LN_288,Vivaan Singh,93479,237604,24,819,0
LN_289,Rohit Ghosh,101264,590340,36,649,0
LN_290,Rohit Iyer,43275,150689,24,516,1
LN_291,Arjun Ghosh,92274,496636,12,753,0
LN_292,Arjun Chopra,120776,312307,36,627,0
LN_293,Tanvi Agarwal,68447,353568,48,465,1
LN_294,Nikhil Nair,185601,552754,48,734,0
LN_295,Aryan Verma,146394,513547,60,817,0
LN_296,Rohit Menon,95703,453850,24,819,0
LN_297,Riya Patel,96090,185870,36,661,0
LN_298,Diya Nair,37260,334564,60,694,0
LN_299,Aryan Singh,132581,560259,36,825,0
LN_300,Sneha Menon,23812,341444,24,642,0
LN_301,Aryan Patel,179096,60749,48,770,0
LN_302,Aryan Mehta,136148,349631,12,585,0
LN_303,Ishita Patel,178357,275019,48,645,0
LN_304,Riya Nair,136421,476577,60,524,1
LN_305,Ananya Sharma,21605,340524,12,667,0
LN_306,Kavya Chopra,92303,306553,60,530,1
LN_307,Rohan Nair,178211,498532,24,636,0
LN_308,Riya Iyer,96125,429504,12,417,1
LN_309,Ishita Singh,164990,103352,60,439,0
LN_310,Rohan Naidu,178518,474127,24,420,0
LN_311,Kavya Nair,144040,213856,48,798,0
LN_312,Nikhil Menon,164118,53191,24,624,0
LN_313,Aditya Gupta,175890,245713,36,754,0
LN_314,Saanvi Gupta,24324,492939,24,681,0
LN_315,Nikhil Verma,96323,53631,24,407,0
LN_316,Krishna Agarwal,29111,187244,36,499,1
LN_317,Vihaan Pandey,189182,354224,60,639,0
LN_318,Diya Reddy,36389,270169,60,486,1
LN_319,Rohan Pandey,142177,463497,24,697,0
LN_320,Aryan Singh,61427,271972,36,827,0
LN_321,Krishna Ghosh,179818,439878,36,413,0
LN_322,Aarav Kumar,142883,558679,48,733,0
LN_323,Aanya Gupta,151189,471818,60,401,1
LN_324,Vihaan Das,145808,57099,12,774,0
LN_325,Vihaan Naidu,132221,468647,60,692,0
LN_326,Vihaan Agarwal,33234,146722,60,724,0
LN_327,Aanya Nair,73441,113936,48,821,0
LN_328,Ananya Naidu,20846,273332,12,440,1
LN_329,Krishna Joshi,30954,373064,48,717,0
LN_330,Arjun Sharma,99239,537510,12,715,0
LN_331,Ishita Agarwal,66514,113530,24,780,0
LN_332,Riya Menon,108236,479440,12,510,1
LN_333,Saanvi Kumar,117579,319932,48,413,0
LN_334,Riya Ghosh,157541,197603,60,630,0
LN_335,Tanvi Agarwal,181177,191214,12,483,0
LN_336,Ananya Kumar,62101,453082,12,529,1
LN_337,Meera Reddy,84323,251139,36,630,0
LN_338,Rohan Sharma,111922,501122,60,725,0
LN_339,Aryan Patel,196659,209210,24,544,0
LN_340,Diya Ghosh,188048,142601,48,778,0
LN_341,Aanya Das,147534,79956,24,744,0
LN_342,Ishita Gupta,87584,288340,60,427,1
LN_343,Meera Bose,124537,519511,12,465,1
LN_344,Krishna Sharma,98477,471486,12,562,1
LN_345,Aarav Verma,62533,89279,60,628,0
LN_346,Vivaan Kumar,21828,421931,12,660,0
LN_347,Sneha Sharma,21917,198702,12,848,0
LN_348,Ishita Nair,40618,111063,12,823,0
LN_349,Sneha Chopra,52254,304311,48,839,0
LN_350,Meera Bose,125292,495377,48,563,1
LN_351,Aryan Agarwal,67362,539934,36,700,0
LN_352,Saanvi Nair,40128,569089,24,806,0
LN_353,Aanya Naidu,143781,258432,60,702,0
LN_354,Rohan Pandey,85545,232051,60,686,0
LN_355,Sneha Joshi,102180,147661,60,794,0
LN_356,Rohit Iyer,107958,502776,36,409,1
LN_357,Aarav Pandey,160937,521256,48,594,1
LN_358,Ananya Pillai,153291,173257,36,517,0
LN_359,Sneha Menon,59809,319054,60,669,0
LN_360,Rohan Chopra,136748,468443,24,479,1
LN_361,Arjun Verma,25287,371909,12,492,1
LN_362,Aditya Mehta,185459,162990,48,665,0
LN_363,Meera Mehta,28512,119519,48,731,0
LN_364,Meera Nair,152414,59503,36,749,0
LN_365,Rohan Gupta,128872,241775,48,760,0
LN_366,Vivaan Pandey,170288,197977,60,656,0
LN_367,Ishita Patel,113070,501495,60,532,1
LN_368,Sneha Joshi,99767,76806,36,675,0
LN_369,Kavya Singh,117829,226072,60,663,0
LN_370,Aarav Verma,177686,465384,24,570,0
LN_371,Rohan Nair,187330,120119,36,400,0
LN_372,Nikhil Joshi,62078,235165,24,712,0
LN_373,Aryan Patel,126288,520641,12,463,1
LN_374,Rohit Ghosh,103524,521027,24,773,0
LN_375,Aanya Mehta,32219,457507,12,683,0
LN_376,Ishita Pillai,20235,134080,12,520,1
LN_377,Riya Agarwal,62929,302791,24,506,1
LN_378,Krishna Chopra,147309,127794,36,820,0
LN_379,Diya Pillai,87444,342985,60,574,1
LN_380,Diya Chopra,159639,174447,60,603,0
LN_381,Arjun Verma,121834,170029,12,564,0
LN_382,Vivaan Nair,104555,229830,12,704,0
LN_383,Tanvi Kumar,93698,557942,36,519,1
LN_384,Kavya Reddy,144450,388416,48,443,0
LN_385,Ishita Agarwal,156487,356094,24,711,0
LN_386,Ishita Chopra,187231,237921,12,555,0
LN_387,Nikhil Mehta,63925,412644,60,766,0
LN_388,Ananya Nair,157023,548685,36,606,0
LN_389,Rohit Chopra,107388,437732,24,789,0
LN_390,Saanvi Iyer,28007,590285,36,507,1
LN_391,Riya Patel,192904,394710,24,650,0
LN_392,Rohit Ghosh,78596,501157,24,844,0
LN_393,Sneha Reddy,141101,108005,12,803,0
LN_394,Riya Gupta,181595,267322,36,769,0
LN_395,Krishna Iyer,108861,239784,36,733,0
LN_396,Aryan Pandey,106740,73387,60,529,0
LN_397,Rohan Bose,35524,135457,60,692,0
LN_398,Vihaan Singh,170354,194129,12,419,0
LN_399,Vivaan Gupta,175002,367875,12,681,0
LN_400,Kavya Bose,151149,229761,48,684,0
LN_401,Rohit Naidu,145501,534814,60,400,1
LN_402,Vivaan Mehta,40611,227558,24,518,1
LN_403,Diya Reddy,168056,594855,36,434,1
LN_404,Riya Mehta,34060,472955,12,597,1
LN_405,Diya Mehta,63303,420965,36,644,0
LN_406,Vihaan Sharma,180359,53754,36,458,0
LN_407,Saanvi Nair,59711,117260,48,724,0
LN_408,Aanya Kumar,163026,116912,60,560,0
LN_409,Rohit Kumar,93340,306695,12,578,1
LN_410,Riya Reddy,122974,582994,36,605,0
LN_411,Vivaan Menon,169646,396130,12,411,0
LN_412,Nikhil Bose,160256,79725,24,675,0
LN_413,Aryan Bose,170168,186998,48,580,0
LN_414,Riya Joshi,87728,154555,24,641,0
LN_415,Aarav Patel,185088,311486,12,615,0
LN_416,Tanvi Gupta,31246,283103,12,650,0
LN_417,Ananya Sharma,196630,465872,60,698,0
LN_418,Kavya Pandey,169453,105147,36,525,0
LN_419,Aanya Sharma,147796,492882,36,616,0
LN_420,Aarav Das,187527,525584,24,705,0
LN_421,Ishita Agarwal,112263,350931,48,684,0
LN_422,Rohan Singh,155090,294839,36,584,0
LN_423,Arjun Joshi,31302,506162,60,438,1
LN_424,Krishna Ghosh,87506,596015,24,622,0
LN_425,Rohan Kumar,61157,145081,24,583,0
LN_426,Aditya Patel,74917,434865,60,826,0
LN_427,Rohan Chopra,116646,130102,48,577,0
LN_428,Saanvi Pandey,103122,206570,60,806,0
LN_429,Sneha Pandey,44519,117695,48,827,0
LN_430,Kavya Bose,100910,481116,60,693,0
LN_431,Vivaan Mehta,140430,571608,60,739,0
LN_432,Riya Agarwal,91324,167235,12,550,0
LN_433,Aanya Kumar,25408,490917,24,783,0
LN_434,Aryan Sharma,79379,69033,60,525,0
LN_435,Ishita Das,45053,566409,60,700,0
LN_436,Vivaan Gupta,160518,244509,36,707,0
LN_437,Aarav Ghosh,151994,427869,24,735,0
LN_438,Krishna Kumar,118723,195016,36,833,0
LN_439,Arjun Agarwal,71356,332017,24,633,0
LN_440,Vihaan Joshi,30789,139464,36,779,0
LN_441,Meera Pillai,117720,167322,60,774,0
LN_442,Sneha Patel,86656,497557,60,407,1
LN_443,Sneha Patel,64028,466978,12,740,0
LN_444,Arjun Sharma,84484,573886,36,528,1
LN_445,Vihaan Iyer,52154,583884,48,663,0
LN_446,Nikhil Naidu,22336,284627,12,556,1
LN_447,Aryan Iyer,123677,592601,36,751,0
LN_448,Tanvi Nair,87779,164914,36,757,0
LN_449,Riya Singh,39029,597993,12,404,1
LN_450,Aanya Sharma,79201,153892,60,485,0
LN_451,Rohan Bose,52265,314167,36,574,1
LN_452,Arjun Pandey,122916,240868,60,689,0
LN_453,Meera Menon,194944,130073,12,592,0
LN_454,Sneha Singh,66197,154195,60,710,0
LN_455,Nikhil Iyer,145733,83848,24,518,0
LN_456,Krishna Menon,174782,339910,48,617,0
LN_457,Arjun Chopra,180558,118099,36,826,0
LN_458,Arjun Iyer,91907,479276,48,813,0
LN_459,Riya Gupta,148876,119122,60,513,0
LN_460,Sneha Gupta,84435,466441,36,544,1
LN_461,Meera Pandey,60631,318787,60,425,1
LN_462,Aanya Agarwal,149038,536275,24,535,1
LN_463,Nikhil Chopra,40103,348871,12,702,0
LN_464,Diya Patel,84772,159079,36,631,0
LN_465,Tanvi Verma,146108,66029,24,768,0
LN_466,Aanya Verma,34382,296353,24,475,1
LN_467,Kavya Das,104291,457442,36,727,0
LN_468,Aarav Sharma,121195,244718,60,744,0
LN_469,Aditya Iyer,154828,471947,24,701,0
LN_470,Rohit Verma,40609,421602,48,688,0
LN_471,Vivaan Reddy,167550,118926,24,400,0
LN_472,Krishna Reddy,190738,367650,60,546,0
LN_473,Arjun Nair,95683,493031,60,686,0
LN_474,Ishita Naidu,144714,92092,48,541,0
LN_475,Rohan Nair,150330,374683,24,452,0
LN_476,Saanvi Patel,91315,202889,60,703,0
LN_477,Arjun Kumar,97834,587716,36,468,1
LN_478,Vihaan Chopra,146205,225006,12,760,0
LN_479,Ananya Mehta,34153,191330,12,489,1
LN_480,Nikhil Iyer,96325,107775,12,845,0
LN_481,Arjun Patel,164071,317613,24,619,0
LN_482,Aarav Singh,75318,340998,48,849,0
LN_483,Diya Mehta,151886,126256,60,591,0
LN_484,Ananya Naidu,135033,411278,36,462,1
LN_485,Sneha Nair,96077,231360,36,472,0
LN_486,Aditya Agarwal,110474,396874,24,560,1
LN_487,Kavya Kumar,153515,468267,12,568,1
LN_488,Arjun Joshi,93319,339530,24,488,1
LN_489,Aryan Naidu,145885,292634,48,575,0
LN_490,Meera Joshi,129777,83787,48,668,0
LN_491,Riya Bose,37368,595909,60,472,1
LN_492,Diya Iyer,166400,503008,60,644,0
LN_493,Vivaan Patel,111751,488469,48,476,1
LN_494,Diya Iyer,47306,361955,48,558,1
LN_495,Nikhil Ghosh,190987,80447,48,723,0
LN_496,Riya Ghosh,57219,178046,24,497,1
LN_497,Saanvi Kumar,80279,566494,48,780,0
LN_498,Sneha Joshi,73028,238490,36,501,1
LN_499,Ananya Menon,124263,457688,12,531,1
LN_500,Aarav Singh,20126,554409,48,501,1
