tweet_id,username,tweet_text,sentiment
1,Arjun Joshi,smooth payments and satisfied,Positive
2,Vihaan Verma,loved the app and satisfied,Positive
3,Ishita Gupta,loved the app and satisfied,Positive
4,Saanvi Agarwal,smooth payments and satisfied,Positive
5,Rohan Das,instant transfer and satisfied,Positive
6,Ishita Sharma,very secure and satisfied,Positive
7,Aanya Joshi,very secure and satisfied,Positive
8,Kavya Nair,very secure and satisfied,Positive
9,Aditya Nair,smooth payments and satisfied,Positive
10,Ananya Pandey,loved the app and satisfied,Positive
11,Aryan Pillai,smooth payments and satisfied,Positive
12,Kavya Sharma,smooth payments and satisfied,Positive
13,Arjun Nair,great experience and satisfied,Positive
14,Diya Ghosh,loved the app and satisfied,Positive
15,Meera Patel,great experience and satisfied,Positive
16,Arjun Menon,easy to use and satisfied,Positive
17,Nikhil Agarwal,loved the app and satisfied,Positive
18,Kavya Bose,loved the app and satisfied,Positive
19,Sneha Pandey,loved the app and satisfied,Positive
20,Arjun Joshi,very secure and satisfied,Positive
21,Rohit Gupta,very secure and satisfied,Positive
22,Meera Patel,great experience and satisfied,Positive
23,Nikhil Sharma,great experience and satisfied,Positive
24,Krishna Pillai,loved the app and satisfied,Positive
25,Aanya Agarwal,great experience and satisfied,Positive
26,Nikhil Reddy,very secure and satisfied,Positive
27,Kavya Menon,smooth payments and satisfied,Positive
28,Kavya Iyer,smooth payments and satisfied,Positive
29,Rohan Pandey,smooth payments and satisfied,Positive
30,Rohan Bose,great experience and satisfied,Positive
31,Kavya Joshi,easy to use and satisfied,Positive
32,Rohan Pillai,very secure and satisfied,Positive
33,Vivaan Gupta,easy to use and satisfied,Positive
34,Nikhil Joshi,great experience and satisfied,Positive
35,Diya Menon,instant transfer and satisfied,Positive
36,Rohit Chopra,loved the app and satisfied,Positive
37,Aryan Pillai,very secure and satisfied,Positive
38,Aarav Chopra,smooth payments and satisfied,Positive
39,Rohan Gupta,easy to use and satisfied,Positive
40,Nikhil Ghosh,instant transfer and satisfied,Positive
41,Sneha Mehta,instant transfer and satisfied,Positive
42,Saanvi Naidu,very secure and satisfied,Positive
43,Saanvi Gupta,very secure and satisfied,Positive
44,Krishna Verma,instant transfer and satisfied,Positive
45,Diya Reddy,loved the app and satisfied,Positive
46,Rohan Pandey,loved the app and satisfied,Positive
47,Sneha Mehta,easy to use and satisfied,Positive
48,Aditya Das,loved the app and satisfied,Positive
49,Rohan Das,instant transfer and satisfied,Positive
50,Aanya Singh,instant transfer and satisfied,Positive
51,Aarav Patel,great experience and satisfied,Positive
52,Ishita Verma,instant transfer and satisfied,Positive
53,Sneha Reddy,loved the app and satisfied,Positive
54,Saanvi Bose,smooth payments and satisfied,Positive
55,Rohit Gupta,easy to use and satisfied,Positive
56,Aryan Verma,great experience and satisfied,Positive
57,Aryan Das,loved the app and satisfied,Positive
58,Vivaan Sharma,easy to use and satisfied,Positive
59,Arjun Bose,loved the app and satisfied,Positive
60,Ishita Kumar,great experience and satisfied,Positive
61,Krishna Naidu,instant transfer and satisfied,Positive
62,Vihaan Pillai,smooth payments and satisfied,Positive
63,Ishita Iyer,great experience and satisfied,Positive
64,Saanvi Singh,instant transfer and satisfied,Positive
65,Saanvi Pandey,great experience and satisfied,Positive
66,Tanvi Menon,very secure and satisfied,Positive
67,Kavya Naidu,smooth payments and satisfied,Positive
68,Sneha Pandey,loved the app and satisfied,Positive
69,Nikhil Pillai,loved the app and satisfied,Positive
70,Saanvi Kumar,smooth payments and satisfied,Positive
71,Riya Naidu,very secure and satisfied,Positive
72,Meera Das,instant transfer and satisfied,Positive
73,Meera Pandey,loved the app and satisfied,Positive
74,Riya Das,very secure and satisfied,Positive
75,Meera Naidu,loved the app and satisfied,Positive
76,Aditya Chopra,easy to use and satisfied,Positive
77,Ishita Nair,instant transfer and satisfied,Positive
78,Kavya Mehta,easy to use and satisfied,Positive
79,Tanvi Reddy,smooth payments and satisfied,Positive
80,Vivaan Singh,instant transfer and satisfied,Positive
81,Ishita Joshi,very secure and satisfied,Positive
82,Vivaan Gupta,instant transfer and satisfied,Positive
83,Aditya Bose,instant transfer and satisfied,Positive
84,Nikhil Mehta,very secure and satisfied,Positive
85,Tanvi Naidu,smooth payments and satisfied,Positive
86,Nikhil Patel,instant transfer and satisfied,Positive
87,Aanya Bose,smooth payments and satisfied,Positive
88,Aryan Ghosh,smooth payments and satisfied,Positive
89,Aarav Ghosh,smooth payments and satisfied,Positive
90,Aryan Verma,loved the app and satisfied,Positive
91,Aarav Agarwal,great experience and satisfied,Positive
92,Rohan Joshi,smooth payments and satisfied,Positive
93,Nikhil Pillai,very secure and satisfied,Positive
94,Tanvi Menon,great experience and satisfied,Positive
95,Ishita Verma,smooth payments and satisfied,Positive
96,Ishita Nair,very secure and satisfied,Positive
97,Nikhil Verma,very secure and satisfied,Positive
98,Aarav Joshi,easy to use and satisfied,Positive
99,Kavya Joshi,easy to use and satisfied,Positive
100,Diya Naidu,instant transfer and satisfied,Positive
101,Vivaan Menon,smooth payments and satisfied,Positive
102,Tanvi Sharma,smooth payments and satisfied,Positive
103,Aryan Ghosh,great experience and satisfied,Positive
104,Rohit Sharma,very secure and satisfied,Positive
105,Aditya Bose,smooth payments and satisfied,Positive
106,Vivaan Naidu,instant transfer and satisfied,Positive
107,Diya Patel,loved the app and satisfied,Positive
108,Meera Joshi,very secure and satisfied,Positive
109,Kavya Gupta,loved the app and satisfied,Positive
110,Saanvi Mehta,instant transfer and satisfied,Positive
111,Kavya Joshi,easy to use and satisfied,Positive
112,Meera Bose,instant transfer and satisfied,Positive
113,Meera Reddy,loved the app and satisfied,Positive
114,Riya Sharma,very secure and satisfied,Positive
115,Tanvi Patel,great experience and satisfied,Positive
116,Ananya Das,smooth payments and satisfied,Positive
117,Aditya Patel,instant transfer and satisfied,Positive
118,Aarav Das,very secure and satisfied,Positive
119,Aanya Sharma,smooth payments and satisfied,Positive
120,Sneha Singh,easy to use and satisfied,Positive
121,Ishita Singh,easy to use and satisfied,Positive
122,Riya Iyer,smooth payments and satisfied,Positive
123,Rohit Gupta,easy to use and satisfied,Positive
124,Saanvi Nair,very secure and satisfied,Positive
125,Ananya Kumar,instant transfer and satisfied,Positive
126,Sneha Menon,very secure and satisfied,Positive
127,Arjun Kumar,very secure and satisfied,Positive
128,Rohan Iyer,smooth payments and satisfied,Positive
129,Rohit Sharma,great experience and satisfied,Positive
130,Rohan Ghosh,great experience and satisfied,Positive
131,Aryan Joshi,instant transfer and satisfied,Positive
132,Aanya Reddy,smooth payments and satisfied,Positive
133,Rohit Das,great experience and satisfied,Positive
134,Arjun Chopra,easy to use and satisfied,Positive
135,Sneha Iyer,great experience and satisfied,Positive
136,Rohit Patel,easy to use and satisfied,Positive
137,Ananya Pillai,instant transfer and satisfied,Positive
138,Nikhil Agarwal,very secure and satisfied,Positive
139,Aditya Pandey,very secure and satisfied,Positive
140,Kavya Sharma,great experience and satisfied,Positive
141,Nikhil Verma,easy to use and satisfied,Positive
142,Arjun Bose,loved the app and satisfied,Positive
143,Ananya Naidu,loved the app and satisfied,Positive
144,Vivaan Bose,loved the app and satisfied,Positive
145,Diya Pandey,very secure and satisfied,Positive
146,Meera Menon,smooth payments and satisfied,Positive
147,Tanvi Verma,very secure and satisfied,Positive
148,Saanvi Bose,smooth payments and satisfied,Positive
149,Rohit Nair,easy to use and satisfied,Positive
150,Kavya Das,great experience and satisfied,Positive
151,Aditya Nair,loved the app and satisfied,Positive
152,Saanvi Das,easy to use and satisfied,Positive
153,Saanvi Ghosh,easy to use and satisfied,Positive
154,Sneha Joshi,great experience and satisfied,Positive
155,Kavya Sharma,easy to use and satisfied,Positive
156,Riya Mehta,great experience and satisfied,Positive
157,Diya Verma,instant transfer and satisfied,Positive
158,Aanya Agarwal,great experience and satisfied,Positive
159,Meera Mehta,loved the app and satisfied,Positive
160,Meera Menon,smooth payments and satisfied,Positive
161,Meera Pillai,smooth payments and satisfied,Positive
162,Aarav Pandey,loved the app and satisfied,Positive
163,Aanya Reddy,smooth payments and satisfied,Positive
164,Ishita Bose,great experience and satisfied,Positive
165,Riya Pillai,instant transfer and satisfied,Positive
166,Ishita Verma,smooth payments and satisfied,Positive
167,Riya Naidu,instant transfer and satisfied,Positive
168,Aarav Reddy,loved the app and satisfied,Positive
169,Rohan Das,instant transfer and satisfied,Positive
170,Aryan Das,easy to use and satisfied,Positive
171,Rohan Ghosh,very secure and satisfied,Positive
172,Ananya Verma,easy to use and satisfied,Positive
173,Tanvi Pandey,loved the app and satisfied,Positive
174,Ananya Bose,smooth payments and satisfied,Positive
175,Tanvi Mehta,smooth payments and satisfied,Positive
176,Ananya Naidu,instant transfer and satisfied,Positive
177,Meera Chopra,great experience and satisfied,Positive
178,Meera Das,very secure and satisfied,Positive
179,Arjun Gupta,great experience and satisfied,Positive
180,Kavya Iyer,loved the app and satisfied,Positive
181,Tanvi Kumar,smooth payments and satisfied,Positive
182,Aanya Gupta,instant transfer and satisfied,Positive
183,Riya Nair,smooth payments and satisfied,Positive
184,Rohit Pandey,great experience and satisfied,Positive
185,Sneha Chopra,great experience and satisfied,Positive
186,Arjun Gupta,very secure and satisfied,Positive
187,Rohan Das,very secure and satisfied,Positive
188,Ananya Kumar,instant transfer and satisfied,Positive
189,Rohan Sharma,very secure and satisfied,Positive
190,Tanvi Singh,great experience and satisfied,Positive
191,Meera Patel,great experience and satisfied,Positive
192,Vihaan Pillai,loved the app and satisfied,Positive
193,Rohan Singh,great experience and satisfied,Positive
194,Riya Iyer,instant transfer and satisfied,Positive
195,Aarav Ghosh,easy to use and satisfied,Positive
196,Rohan Verma,loved the app and satisfied,Positive
197,Riya Naidu,loved the app and satisfied,Positive
198,Kavya Kumar,instant transfer and satisfied,Positive
199,Vihaan Nair,instant transfer and satisfied,Positive
200,Riya Iyer,very secure and satisfied,Positive
201,Aditya Joshi,app crashes needs fix,Negative
202,Riya Reddy,login failed needs fix,Negative
203,Rohit Patel,buggy interface needs fix,Negative
204,Vivaan Singh,app crashes needs fix,Negative
205,Rohit Chopra,app crashes needs fix,Negative
206,Aditya Das,terrible experience needs fix,Negative
207,Arjun Pillai,slow response needs fix,Negative
208,Nikhil Menon,app crashes needs fix,Negative
209,Sneha Menon,buggy interface needs fix,Negative
210,Ishita Pandey,login failed needs fix,Negative
211,Aryan Naidu,login failed needs fix,Negative
212,Saanvi Chopra,terrible experience needs fix,Negative
213,Rohit Bose,slow response needs fix,Negative
214,Rohan Ghosh,buggy interface needs fix,Negative
215,Sneha Patel,login failed needs fix,Negative
216,Sneha Iyer,payment failed needs fix,Negative
217,Aanya Gupta,buggy interface needs fix,Negative
218,Meera Reddy,buggy interface needs fix,Negative
219,Diya Das,slow response needs fix,Negative
220,Diya Pillai,login failed needs fix,Negative
221,Aditya Kumar,buggy interface needs fix,Negative
222,Aarav Bose,terrible experience needs fix,Negative
223,Saanvi Menon,terrible experience needs fix,Negative
224,Riya Chopra,login failed needs fix,Negative
225,Vihaan Das,terrible experience needs fix,Negative
226,Rohan Chopra,payment failed needs fix,Negative
227,Saanvi Reddy,slow response needs fix,Negative
228,Ishita Nair,terrible experience needs fix,Negative
229,Rohit Gupta,terrible experience needs fix,Negative
230,Nikhil Iyer,payment failed needs fix,Negative
231,Tanvi Das,slow response needs fix,Negative
232,Vivaan Nair,buggy interface needs fix,Negative
233,Vivaan Reddy,slow response needs fix,Negative
234,Vihaan Kumar,app crashes needs fix,Negative
235,Rohan Menon,login failed needs fix,Negative
236,Rohit Chopra,login failed needs fix,Negative
237,Saanvi Iyer,app crashes needs fix,Negative
238,Saanvi Chopra,payment failed needs fix,Negative
239,Aryan Nair,app crashes needs fix,Negative
240,Krishna Pillai,buggy interface needs fix,Negative
241,Riya Naidu,buggy interface needs fix,Negative
242,Aditya Menon,login failed needs fix,Negative
243,Vihaan Bose,buggy interface needs fix,Negative
244,Kavya Menon,login failed needs fix,Negative
245,Meera Sharma,app crashes needs fix,Negative
246,Aditya Das,app crashes needs fix,Negative
247,Rohit Ghosh,terrible experience needs fix,Negative
248,Aarav Nair,terrible experience needs fix,Negative
249,Rohit Patel,app crashes needs fix,Negative
250,Diya Verma,login failed needs fix,Negative
251,Krishna Naidu,app crashes needs fix,Negative
252,Meera Kumar,app crashes needs fix,Negative
253,Rohit Bose,payment failed needs fix,Negative
254,Riya Reddy,app crashes needs fix,Negative
255,Riya Agarwal,buggy interface needs fix,Negative
256,Nikhil Mehta,login failed needs fix,Negative
257,Kavya Iyer,payment failed needs fix,Negative
258,Diya Mehta,terrible experience needs fix,Negative
259,Nikhil Verma,slow response needs fix,Negative
260,Rohan Joshi,login failed needs fix,Negative
261,Tanvi Patel,buggy interface needs fix,Negative
262,Saanvi Reddy,login failed needs fix,Negative
263,Kavya Nair,terrible experience needs fix,Negative
264,Kavya Iyer,buggy interface needs fix,Negative
265,Aryan Pandey,buggy interface needs fix,Negative
266,Aarav Pillai,slow response needs fix,Negative
267,Saanvi Bose,login failed needs fix,Negative
268,Vihaan Gupta,slow response needs fix,Negative
269,Krishna Agarwal,slow response needs fix,Negative
270,Sneha Verma,login failed needs fix,Negative
271,Saanvi Patel,app crashes needs fix,Negative
272,Aanya Nair,app crashes needs fix,Negative
273,Tanvi Singh,terrible experience needs fix,Negative
274,Rohan Naidu,slow response needs fix,Negative
275,Riya Iyer,payment failed needs fix,Negative
276,Aarav Menon,slow response needs fix,Negative
277,Ishita Kumar,slow response needs fix,Negative
278,Rohan Pillai,slow response needs fix,Negative
279,Aarav Pillai,terrible experience needs fix,Negative
280,Nikhil Reddy,app crashes needs fix,Negative
281,Ishita Iyer,terrible experience needs fix,Negative
282,Saanvi Iyer,terrible experience needs fix,Negative
283,Vivaan Verma,terrible experience needs fix,Negative
284,Rohan Pandey,app crashes needs fix,Negative
285,Meera Bose,app crashes needs fix,Negative
286,Riya Verma,slow response needs fix,Negative
287,Ishita Naidu,terrible experience needs fix,Negative
288,Tanvi Singh,payment failed needs fix,Negative
289,Aryan Gupta,app crashes needs fix,Negative
290,Sneha Pandey,login failed needs fix,Negative
291,Vivaan Reddy,login failed needs fix,Negative
292,Meera Bose,login failed needs fix,Negative
293,Kavya Pandey,buggy interface needs fix,Negative
294,Meera Sharma,slow response needs fix,Negative
295,Rohan Chopra,login failed needs fix,Negative
296,Rohit Ghosh,slow response needs fix,Negative
297,Riya Singh,login failed needs fix,Negative
298,Saanvi Pillai,payment failed needs fix,Negative
299,Riya Agarwal,slow response needs fix,Negative
300,Kavya Pillai,login failed needs fix,Negative
301,Tanvi Joshi,app crashes needs fix,Negative
302,Saanvi Mehta,slow response needs fix,Negative
303,Aanya Das,buggy interface needs fix,Negative
304,Rohit Joshi,app crashes needs fix,Negative
305,Ishita Bose,app crashes needs fix,Negative
306,Vihaan Mehta,terrible experience needs fix,Negative
307,Riya Joshi,buggy interface needs fix,Negative
308,Aryan Singh,app crashes needs fix,Negative
309,Riya Patel,app crashes needs fix,Negative
310,Vivaan Pandey,login failed needs fix,Negative
311,Rohit Mehta,login failed needs fix,Negative
312,Arjun Naidu,slow response needs fix,Negative
313,Arjun Pandey,slow response needs fix,Negative
314,Saanvi Sharma,slow response needs fix,Negative
315,Vivaan Bose,login failed needs fix,Negative
316,Vivaan Reddy,slow response needs fix,Negative
317,Riya Nair,app crashes needs fix,Negative
318,Kavya Menon,login failed needs fix,Negative
319,Aryan Reddy,slow response needs fix,Negative
320,Kavya Pillai,app crashes needs fix,Negative
321,Aryan Mehta,slow response needs fix,Negative
322,Riya Pillai,payment failed needs fix,Negative
323,Vihaan Menon,slow response needs fix,Negative
324,Aditya Das,payment failed needs fix,Negative
325,Rohan Das,slow response needs fix,Negative
326,Aditya Bose,terrible experience needs fix,Negative
327,Arjun Iyer,terrible experience needs fix,Negative
328,Saanvi Kumar,buggy interface needs fix,Negative
329,Rohan Sharma,terrible experience needs fix,Negative
330,Vihaan Mehta,terrible experience needs fix,Negative
331,Vihaan Chopra,slow response needs fix,Negative
332,Ananya Agarwal,login failed needs fix,Negative
333,Nikhil Singh,login failed needs fix,Negative
334,Ishita Pandey,payment failed needs fix,Negative
335,Nikhil Ghosh,login failed needs fix,Negative
336,Diya Kumar,app crashes needs fix,Negative
337,Diya Reddy,buggy interface needs fix,Negative
338,Sneha Joshi,terrible experience needs fix,Negative
339,Sneha Das,buggy interface needs fix,Negative
340,Riya Ghosh,app crashes needs fix,Negative
341,Vivaan Das,terrible experience needs fix,Negative
342,Saanvi Nair,payment failed needs fix,Negative
343,Saanvi Nair,app crashes needs fix,Negative
344,Aarav Naidu,app crashes needs fix,Negative
345,Rohan Pillai,buggy interface needs fix,Negative
346,Diya Reddy,slow response needs fix,Negative
347,Saanvi Agarwal,buggy interface needs fix,Negative
348,Rohit Chopra,buggy interface needs fix,Negative
349,Nikhil Nair,login failed needs fix,Negative
350,Saanvi Chopra,app crashes needs fix,Negative
351,Aanya Joshi,could be better,Neutral
352,Riya Iyer,okay app,Neutral
353,Ishita Joshi,works fine,Neutral
354,Rohit Agarwal,okay app,Neutral
355,Rohit Chopra,could be better,Neutral
356,Rohan Sharma,okay app,Neutral
357,Aryan Nair,fine for me,Neutral
358,Aarav Ghosh,works fine,Neutral
359,Vihaan Menon,not bad,Neutral
360,Riya Chopra,okay app,Neutral
361,Ishita Menon,could be better,Neutral
362,Ananya Das,works fine,Neutral
363,Aanya Menon,could be better,Neutral
364,Meera Singh,could be better,Neutral
365,Arjun Patel,okay app,Neutral
366,Rohan Naidu,could be better,Neutral
367,Vihaan Ghosh,okay app,Neutral
368,Ananya Singh,not bad,Neutral
369,Aditya Chopra,fine for me,Neutral
370,Kavya Bose,could be better,Neutral
371,Diya Gupta,could be better,Neutral
372,Vivaan Pillai,could be better,Neutral
373,Ananya Pandey,average service,Neutral
374,Krishna Nair,average service,Neutral
375,Diya Nair,works fine,Neutral
376,Riya Chopra,fine for me,Neutral
377,Kavya Iyer,fine for me,Neutral
378,Saanvi Reddy,average service,Neutral
379,Vivaan Das,works fine,Neutral
380,Aryan Pillai,average service,Neutral
381,Ananya Reddy,not bad,Neutral
382,Aryan Sharma,works fine,Neutral
383,Meera Pillai,fine for me,Neutral
384,Arjun Naidu,fine for me,Neutral
385,Ananya Nair,average service,Neutral
386,Rohit Joshi,not bad,Neutral
387,Ananya Iyer,average service,Neutral
388,Ishita Verma,okay app,Neutral
389,Aarav Menon,okay app,Neutral
390,Tanvi Mehta,not bad,Neutral
391,Sneha Das,could be better,Neutral
392,Aditya Naidu,could be better,Neutral
393,Rohan Bose,okay app,Neutral
394,Arjun Singh,okay app,Neutral
395,Vihaan Patel,could be better,Neutral
396,Rohan Verma,works fine,Neutral
397,Arjun Iyer,could be better,Neutral
398,Ishita Pillai,average service,Neutral
399,Vivaan Joshi,works fine,Neutral
400,Saanvi Agarwal,average service,Neutral
401,Tanvi Bose,okay app,Neutral
402,Rohit Singh,works fine,Neutral
403,Nikhil Iyer,average service,Neutral
404,Riya Menon,average service,Neutral
405,Nikhil Nair,works fine,Neutral
406,Vihaan Agarwal,not bad,Neutral
407,Aanya Naidu,could be better,Neutral
408,Saanvi Das,fine for me,Neutral
409,Ananya Iyer,average service,Neutral
410,Ananya Pillai,could be better,Neutral
411,Ananya Patel,fine for me,Neutral
412,Aryan Nair,could be better,Neutral
413,Aanya Iyer,okay app,Neutral
414,Saanvi Reddy,fine for me,Neutral
415,Aanya Menon,could be better,Neutral
416,Aarav Patel,average service,Neutral
417,Kavya Das,fine for me,Neutral
418,Vivaan Ghosh,okay app,Neutral
419,Aanya Reddy,works fine,Neutral
420,Tanvi Gupta,average service,Neutral
421,Rohit Gupta,okay app,Neutral
422,Ishita Mehta,okay app,Neutral
423,Vivaan Menon,fine for me,Neutral
424,Aarav Nair,could be better,Neutral
425,Vivaan Singh,works fine,Neutral
426,Tanvi Nair,average service,Neutral
427,Diya Iyer,average service,Neutral
428,Aarav Singh,could be better,Neutral
429,Aarav Agarwal,works fine,Neutral
430,Ishita Ghosh,fine for me,Neutral
431,Kavya Sharma,average service,Neutral
432,Diya Nair,works fine,Neutral
433,Vihaan Singh,fine for me,Neutral
434,Nikhil Pandey,fine for me,Neutral
435,Arjun Reddy,average service,Neutral
436,Riya Naidu,could be better,Neutral
437,Ananya Pandey,not bad,Neutral
438,Rohit Iyer,average service,Neutral
439,Saanvi Pandey,okay app,Neutral
440,Ishita Menon,okay app,Neutral
441,Vihaan Pandey,fine for me,Neutral
442,Rohan Naidu,not bad,Neutral
443,Aarav Patel,average service,Neutral
444,Riya Joshi,okay app,Neutral
445,Nikhil Iyer,okay app,Neutral
446,Riya Naidu,average service,Neutral
447,Aditya Reddy,works fine,Neutral
448,Kavya Menon,fine for me,Neutral
449,Vivaan Reddy,average service,Neutral
450,Vivaan Nair,works fine,Neutral
451,Sneha Ghosh,fine for me,Neutral
452,Tanvi Mehta,not bad,Neutral
453,Aryan Menon,could be better,Neutral
454,Krishna Chopra,fine for me,Neutral
455,Saanvi Pandey,not bad,Neutral
456,Sneha Bose,could be better,Neutral
457,Arjun Iyer,okay app,Neutral
458,Tanvi Gupta,okay app,Neutral
459,Nikhil Naidu,okay app,Neutral
460,Ishita Bose,fine for me,Neutral
461,Kavya Naidu,works fine,Neutral
462,Aryan Bose,could be better,Neutral
463,Arjun Mehta,okay app,Neutral
464,Nikhil Mehta,average service,Neutral
465,Meera Agarwal,could be better,Neutral
466,Vivaan Verma,could be better,Neutral
467,Aditya Reddy,works fine,Neutral
468,Aditya Reddy,not bad,Neutral
469,Nikhil Iyer,works fine,Neutral
470,Ananya Singh,okay app,Neutral
471,Tanvi Patel,average service,Neutral
472,Rohit Pillai,average service,Neutral
473,Tanvi Mehta,okay app,Neutral
474,Arjun Bose,average service,Neutral
475,Ananya Bose,works fine,Neutral
476,Vihaan Chopra,fine for me,Neutral
477,Sneha Chopra,works fine,Neutral
478,Ananya Iyer,fine for me,Neutral
479,Rohit Pandey,okay app,Neutral
480,Aanya Singh,average service,Neutral
481,Riya Das,could be better,Neutral
482,Arjun Agarwal,not bad,Neutral
483,Tanvi Agarwal,could be better,Neutral
484,Arjun Nair,fine for me,Neutral
485,Rohit Das,works fine,Neutral
486,Nikhil Pillai,works fine,Neutral
487,Sneha Menon,works fine,Neutral
488,Tanvi Sharma,works fine,Neutral
489,Sneha Nair,not bad,Neutral
490,Aarav Kumar,okay app,Neutral
491,Meera Chopra,works fine,Neutral
492,Kavya Agarwal,fine for me,Neutral
493,Aarav Kumar,average service,Neutral
494,Vivaan Ghosh,not bad,Neutral
495,Aryan Reddy,fine for me,Neutral
496,Vivaan Sharma,fine for me,Neutral
497,Aditya Pandey,works fine,Neutral
498,Aanya Joshi,average service,Neutral
499,Nikhil Naidu,works fine,Neutral
500,Kavya Kumar,fine for me,Neutral
